"sname","c1","c2","c3","c4","c5","c6","c7","c8","c9","c10","c11","c12","c13","c15","c16","c17"
"A0101 專業聯合中心","3,428",40,114,"223","374","537","707","866","1,014","1,175","1,331","1,474","1,618","1,755","1,920","2,032"
"A0102 香港公園體育館","4,973",52,131,"261","467","663","841","1,025","1,243","1,501","1,730","1,975","2,193","2,355","2,580","2,834"
"A0201 高主教書院","7,266",86,313,"771","771","1,121","1,421","1,734","1,989","2,351","2,748","3,203","3,447","3,807","4,313","4,767"
"A0301 香港真光幼稚園(堅道)","4,414",44,163,"329","506","678","885","1,169","1,308","1,489","1,705","1,905","2,111","2,317","2,521","2,805"
"A0302 食物環境衛生署食物安全中心(醫院道辦事處)","1,750",17,56,"108","174","245","327","396","469","567","661","748","823","895","987","1,056"
"A0401 德瑞國際學校山頂校舍","1,191",22,35,"62","106","175","228","271","303","365","421","490","545","584","643","703"
"A0501 西營盤社區綜合大樓社區會堂","7,591",112,251,"507","820","1,153","1,527","1,936","2,314","2,719","3,093","3,412","3,785",NA,NA,NA
"A0601 香港基督教女青年會西環綜合社會服務處","7,094",113,327,"634","928","1,257","1,604","1,913","2,218","2,549","2,854","3,130","3,443","3,814","4,210","4,555"
"A0701 士美非路體育館","9,112",190,496,"868","1,211","1,557","1,998","2,358","2,721","3,060","3,528","3,920","4,308","4,704","5,213","5,641"
"A0801 堅尼地城社區綜合大樓 (綜合用途室)","7,619",114,327,"600","970","1,376","1,674","2,046","2,434","2,778","3,159","3,448","3,763","4,135","4,558","4,926"
"A0901 維多利亞（寶翠園）幼稚園","9,778",96,341,"659","945","1,313","1,607","1,935","2,250","2,569","2,949","3,336","3,751","4,133","4,520","5,892"
"A1001 石塘咀體育館","9,938",178,419,"699","1,186","1,460","1,813","2,147","2,147","2,907","3,385","3,782","4,152","4,400","4,979","5,770"
"A1101 中西區及離島區社會保障辦事處","4,907",74,210,"358","548","748","960","1,156","1,377","1,578","1,751","1,948","2,144","2,349","2,540","2,721"
"A1102 中山紀念公園體育館","2,327",51,105,"161","254","339","416","495","573","663","766","853","933",NA,NA,NA
"A1201 上環郵政局","5,315",59,196,"382","620","863","1,111","1,362","1,594","1,858","2,092","2,357","2,570","2,784","3,029","3,219"
"A1301 新會商會學校","1,991",42,89,"158","237","315","392","471","558","648","764","845","926","997","1,085","1,158"
"A1302 聖公會聖馬太小學","4,532",52,163,"335","554","748","987","1,198","1,428","1,644","1,816","1,974","2,187","2,380","2,559","2,752"
"A1401 基督教香港崇真會救恩堂及救恩學校","6,583",114,287,"533","833","1,183","1,443","1,443","1,987","2,289","2,494","2,789","3,122","3,435","3,863","4,131"
"A1501 李陞小學","5,166",75,251,"400","646","889","1,138","1,368","1,583","1,819","2,007","2,195","2,441","2,677","2,988","3,288"
"B0101 軒尼詩道官立小學","5,521",48,185,"365","607","826","1,083","1,302","1,544","1,816","2,036","2,239","2,424","2,642","2,834","3,020"
"B0201 鄧肇堅維多利亞官立中學","5,057",70,193,"372","554","782","979","1,191","1,435","1,643","1,893","2,172","2,369",NA,NA,NA
"B0301 前灣仔學校","7,332",0,261,"490","673","1,162","1,362","1,362","1,886","2,180","2,757","3,069","3,069","3,616","3,787","4,031"
"B0401 皇仁書院","8,029",86,253,"498","828","1,147","1,522","1,809","2,194","2,541","2,928","3,338","3,636","3,991","4,400","4,835"
"B0501 港島兒童蒙特梭利學校","1,491",19,62,"108","184","272","343","410","488","558","635","700","775","826","900","989"
"B0502 勵德邨邨榮樓有蓋停車場","4,252",78,243,"418","628","776","962","1,162","1,372","1,551","1,684","1,874","2,105","2,253","2,426","2,595"
"B0601 灣仔區文娛康樂體育會","5,046",49,143,"255","455","644","811","1,001","1,173","1,420","1,614","1,820","1,988","2,144","2,346","2,549"
"B0701 港灣婦女會","5,756",67,192,"393","609","840","1,091","1,342","1,558","1,773","2,066","2,372","2,632","2,899","3,133","3,586"
"B0801 中華基督教會公理高中書院","6,060",70,182,"356","650","929","1,162","1,413","1,709","2,032","2,256","2,589","2,910","3,203","3,490","3,863"
"B0901 禮頓山社區會堂","5,438",54,163,"312","522","738","991","1,315","1,647","1,907","2,152","2,442","2,641","2,928","3,224","3,627"
"B1001 黃泥涌體育館","5,202",68,225,"345","546","796","1,043","1,250","1,497","1,722","1,965","2,186","2,377","2,604","2,846","3,113"
"B1101 寶血小學","1,186",32,58,"100","152","228","293","331","377","435","498","541","582","627","709","759"
"B1102 香港青少年服務處成和青少年中心","1,742",36,63,"95","163","211","294","369","461","562","628","702","759","827","909","986"
"B1201 灣仔郵政局","4,718",70,183,"337","528","725","940","1,147","1,343","1,576","1,755","1,955","2,162","2,381","2,602","2,823"
"B1301 循道衛理中心","4,801",83,216,"386","629","869","1,061","1,233","1,428","1,633","1,830","2,023","2,203","2,404","2,623","2,769"
"C0101 東區少年警訊會所","8,948",97,288,"537","805","1,057","1,343","1,611","1,939","2,200","2,529","2,827","3,116","3,461","3,822","5,529"
"C0201 聖安娜中英文幼稚園","5,092",69,197,"336","528","730","954","1,137","1,362","1,583","1,848","2,076","2,310","2,570","2,827","3,343"
"C0202 太古城郵政局","4,946",83,169,"323","543","754","1,000","1,189","1,400","1,624","1,875","2,082","2,304","2,516","2,755","3,351"
"C0301 西灣河健康中心","6,589",87,128,"392","828","1,125","1,426","1,814","2,054","2,341","2,672","2,982","3,349","3,579","3,871","4,705"
"C0401 中華基督教會基灣小學 (愛蝶灣)","11,461",153,397,"774","1,213","1,725","2,159","2,612","3,103","3,590","4,119","4,577","5,000","5,510","6,044","6,679"
"C0501 筲箕灣郵政局","5,720",85,225,"401","632","867","1,188","1,424","1,721","1,998","2,198","2,509","2,740","3,000","3,300","3,548"
"C0601 愛秩序灣官立小學","5,799",66,166,"347","589","810","1,022","1,222","1,518","1,764","1,998","2,233","2,494","2,772","3,109","3,466"
"C0602 筲箕灣官立小學","6,096",88,281,"520","785","1,067","1,306","1,566","1,781","2,036","2,297","2,533","2,761","3,012","3,245","3,446"
"C0701 嶺南中學","10,859",132,397,"786","1,195","1,834","2,321","2,957","3,486","4,099","4,705","5,278","5,880","6,471","7,059","8,192"
"C0801 聖公會李福慶中學","8,217",156,356,"642","902","1,261","1,592","1,944","2,272","2,611","2,990","3,320","3,657","3,969","4,387","4,731"
"C0901 福建中學 (小西灣)","9,351",96,246,"531","926","1,377","1,778","2,198","2,657","3,181","3,664","4,109","4,544","4,921","5,362","6,148"
"C1001 小西灣社區會堂","10,342",114,337,"683","1,051","1,444","1,846","2,319","2,679","3,125","3,595","4,049","4,644","5,111","5,444","5,885"
"C1101 嶺南衡怡紀念中學","11,300",191,487,"868","1,315","1,830","2,304","2,763","3,236","3,768","4,366","4,849","5,353","5,807","6,431","7,086"
"C1201 救世軍中原慈善基金學校","8,549",114,287,"601","877","1,190","1,492","1,798","2,182","2,558","2,838","3,168","3,505",NA,NA,NA
"C1301 文理書院 (香港)","9,180",126,391,"686","1,096","1,457","1,760","2,117","2,461","2,819","3,155","3,517","3,783",NA,NA,NA
"C1401 鰂魚涌體育館","10,450",172,431,"792","1,212","1,619","1,993","2,448","2,876","3,316","3,776","4,270","4,698","5,213","5,659","6,090"
"C1501 閩僑中學","7,007",96,273,"459","742","1,077","1,349","1,719","1,987","2,419","2,786","3,137","3,506","3,806","4,195","4,726"
"C1601 金文泰中學","6,418",106,248,"478","740","1,077","1,324","1,603","1,937","2,267","2,603","2,905","3,191","3,478","3,771","4,226"
"C1701 銅鑼灣社區中心","4,185",61,175,"304","529","730","892","1,084","1,267","1,459","1,629","1,808","2,008","2,192","2,372","2,569"
"C1801 渣華道體育館","10,217",167,433,"779","1,188","1,593","1,916","2,313","2,678","3,122","3,568","3,914","4,282","4,762","5,174","5,540"
"C1802 顯理中學","13,068",218,583,"1,103","1,686","2,308","2,865","3,476","4,126","4,814","5,428","5,992","6,563","7,186","7,840","8,390"
"C1901 北角衞理小學","5,024",52,203,"350","549","763","1,017","1,231","1,490","1,752","1,969","2,206","2,483",NA,NA,NA
"C2001 香港遊樂場協會賽馬會北角港運城青少年綜合服務中心","3,286",47,136,"288","438","597","749","934","1,115","1,272","1,447","1,577","1,757","1,931","2,094","2,265"
"C2101 啟基學校 (港島)","9,361",144,300,"682","1,125","1,633","2,057","2,057","2,057","3,614","4,000","4,441","4,768","5,204","5,676","6,108"
"C2201 丹拿山循道學校","4,867",51,202,"379","658","859","1,138","1,367","1,625","1,811","2,016","2,197","2,391","2,576","2,775","3,020"
"C2301 北角官立小學","6,290",111,258,"497","803","1,077","1,338","1,593","1,878","2,166","2,432","2,668","2,922","3,231","3,509","3,786"
"C2401 鰂魚涌社區會堂","8,623",109,478,"790","1,199","1,683","2,151","2,520","2,970","3,532","3,947","4,303","4,721","5,134","5,550","5,941"
"C2501 佛教中華康山學校","5,578",98,232,"232","876","1,242","1,547","1,702","2,063","2,319","2,560","2,888","3,170","3,440","3,852","4,161"
"C2601 太古小學","9,730",132,328,"676","1,101","1,745","2,183","2,794","3,277","3,632","4,164","4,715","5,102","5,632","6,153","6,870"
"C2701 青松興東幼稚園","6,175",93,253,"486","718","967","1,157","1,407","1,723","1,988","2,255","2,492","2,773","3,030","3,351","3,681"
"C2702 伊斯蘭徐錦享紀念幼稚園","6,365",85,222,"471","705","934","1,143","1,448","1,719","1,986","2,243","2,465","2,793","3,062","3,347","3,805"
"C2801 西灣河體育館","11,762",150,466,"823","1,421","1,889","2,404","2,869","3,419","3,948","4,472","4,980","5,548","6,059","6,607","7,199"
"C2901 勵志會梁李秀娛紀念小學","7,492",88,281,"523","831","1,177","1,443","1,732","2,011","2,328","2,634","2,962","3,274","3,600","3,956","4,275"
"C2902 筲箕灣街坊福利事務促進會有限公司","3,750",60,166,"300","441","651","824","1,008","1,189","1,370","1,546","1,708","1,872","2,084","2,284","2,447"
"C3001 循道愛華村服務中心社會福利部 - 愛華青少年綜合服務隊 (耀東服務處)","5,615",79,211,"376","616","838","1,059","1,249","1,445","1,705","1,946","2,178","2,411","2,665","2,916","3,306"
"C3101 粵南信義會腓力堂興民幼兒學園","4,886",66,175,"338","521","754","918","1,114","1,311","1,515","1,690","1,894","2,062","2,300","2,499","2,705"
"C3102 路德會聖雅各幼稚園","4,973",136,236,"364","563","776","922","1,093","1,263","1,453","1,595","1,887","2,064","2,285","2,529","2,741"
"C3201 天主教明德學校","6,836",88,238,"509","768","1,131","1,354","1,658","2,052","2,387","2,646","2,953","3,187","3,462","3,863","4,232"
"C3301 柴灣母嬰健康院","4,090",67,182,"306","487","717","875","1,123","1,329","1,549","1,783","1,954","2,135","2,321","2,543","2,780"
"C3401 漁灣社區會堂","12,587",145,480,"942","1,514","2,026","2,563","3,056","3,612","4,248","4,940","5,445","5,932","6,425","7,051","7,579"
"C3501 香港中華基督教青年會 - 柴灣會所","6,207",102,235,"421","641","868","1,106","1,309","1,548","1,821","2,077","2,334","2,555","2,835","3,127","3,520"
"D0101 香港仔體育館","10,460",173,401,"744","1,195","1,543","2,051","2,371","2,762","3,242","3,657","3,966","4,527","4,999","5,536","6,540"
"D0201 鴨脷洲社區會堂","8,490",151,367,"704","1,034","1,395","1,603","1,891","2,161","2,494","2,494","3,132","3,401","3,755","4,037","4,311"
"D0301 鴨脷洲體育館","6,015",73,250,"460","734","1,011","1,304","1,614","1,797","2,082","2,329","2,573","2,851","3,129","3,496","3,821"
"D0401 聖伯多祿天主教小學","10,188",148,346,"671","1,023","1,405","1,762","2,202","2,538","2,944","3,352","3,817","4,225","4,652","5,110","5,616"
"D0501 利東社區會堂","9,006",108,389,"713","1,021","1,309","1,603","1,898","2,183","2,551","2,870","3,198","3,550","3,888","4,275","4,625"
"D0601 香港南區官立小學","7,751",130,342,"637","1,080","1,505","1,872","2,248","2,565","3,070","3,524","3,928","4,328","4,708","5,258","5,813"
"D0701 海怡社區中心","8,569",118,374,"688","1,074","1,545","1,993","2,467","2,942","3,389","3,803","4,265","4,764","5,201","5,877","6,528"
"D0801 華貴社區會堂","10,887",110,398,"763","1,211","1,595","1,926","2,336","2,701","3,178","3,605","4,112","4,540","4,926","5,451","6,009"
"D0901 明愛莊月明中學","7,650",109,348,"609","909","1,153","1,382","1,640","1,895","2,163","2,439","2,736","3,031",NA,NA,NA
"D1001 東華三院鶴山學校","8,718",127,317,"675","888","1,163","1,445","1,751","2,056","2,341","2,699","3,019","3,341","3,649","3,995","4,333"
"D1101 沙宣道會堂","1,515",25,44,"87","132","189","240","301","351","438","512","574","613","674","737","804"
"D1102 上碧瑤灣遊樂場","2,310",30,79,"142","239","325","422","532","625","729","891","993","1,113","1,248","1,385","1,509"
"D1103 數碼港郵政局","2,071",38,87,"184","279","389","484","592","726","844","959","1,048","1,130","1,239","1,352","1,444"
"D1201 展亮技能發展中心 (薄扶林)","778",10,29,"55","71","97","114","131","154","187","210","248","270","300","320","367"
"D1202 置富南區會堂","8,492",207,491,"815","1,216","1,698","2,058","2,481","2,902","3,264","3,672","4,112","4,556","4,930","5,362","5,961"
"D1301 明愛賽馬會香港仔服務中心","2,319",36,70,"119","221","293","389","468","574","668","767","859","969","1,066","1,208","1,322"
"D1302 聖公會田灣始南小學","6,764",102,307,"458","721","926","1,141","1,357","1,550","1,789","2,031","2,317","2,552","2,860","3,161","3,380"
"D1401 香港仔聖伯多祿天主教小學","11,369",123,371,"700","1,051","1,384","1,769","2,100","2,100","2,977","3,385","3,668","3,963","4,378","4,887","5,604"
"D1501 香港仔網球及壁球中心","2,638",21,91,"178","289","386","499","618","720","836","948","1,043","1,164","1,285","1,416","1,577"
"D1502 南區長者地區中心","6,261",219,301,"501","705","955","1,231","1,441","1,701","2,015","2,311","2,626","2,915","3,160","3,498","3,944"
"D1601 黃竹坑體育館","1,733",34,51,"120","189","254","323","369","438","521","615","704","784","824","883","963"
"D1602 香港國際學校","2,049",33,78,"138","222","326","380","443","529","631","725","821","906","986","1,090","1,179"
"D1701 赤柱社區會堂","6,472",138,322,"557","806","1,064","1,296","1,548","1,755","1,995","2,216","2,472","2,729","2,991","3,214","3,549"
"D1702 石澳健康院","1208",17,48,"100","170","248","301","374","438","438","464","506","556","608","678","744"
"E0101 仁愛堂陳鄭玉而幼稚園","4259",62,157,"294","521","718","927","1129","1362","1591","1751","1936","2122","2538","2615","2896"
"E0201 九龍公園體育館","12048",151,348,"703","1061","1401","1800","2237","2681","3066","3567","3981","4439","4775","5259","5659"
"E0401 梁顯利油麻地社區中心","7837",107,293,"521","841","1159","1496","1734","2078","2422","2758","3019","3349","3678","3997","4427"
"E0501 油蔴地天主教小學(海泓道)","13549",197,523,"907","1396","1922","2491","3042","3605","4200","4746","5326","5969","6462","7164","8390"
"E0601 旺角社區會堂","5906",71,175,"362","570","757","955","1153","1318","1557","1745","1969","2164","2337","2521","2678"
"E0701 明我幼稚園（奧運校）","5732",79,252,"516","749","931","1133","1307","1515","1712","1951","2152","2392","2656","2889","3134"
"E0801 香港保護兒童會中銀幼兒學校","5,473",43,185,"365","598","837","1,103","1,454","1,717","1,976","2,262","2,549","2,819","3,110","3,388","3,832"
"E0901 路德會沙崙學校","5,509",88,227,"408","639","860","1,108","1,356","1,562","1,826","2,033","2,249","2,472","2,730","3,004","3,236"
"E1001 大角嘴天主教小學","6,574",98,253,"489","713","1,072","1,185","1,434","1,696","1,957","2,267","2,580","2,847","3,145","3,438","3,746"
"E1101 中華基督教會基全小學","7,741",125,326,"623","985","1,280","1,549","2,002","2,326","2,698","3,086","3,511","3,782","4,149","4,527","4,868"
"E1201 鮮魚行學校","7,557",113,274,"494","785","1,100","1,394","1,674","1,993","2,302","2,639","2,943","3,238","3,535","3,805","4,093"
"E1301 聖公會基榮小學","6,365",96,241,"441","670","896","1,108","1,364","1,635","1,892","2,128","2,370","2,591","2,824","3,044","3,273"
"E1401 界限街一號體育館","6,163",102,277,"499","730","987","1,247","1,503","1,729","1,998","2,252","2,491","2,729","3,001","3,268","3,578"
"E1501 優才(楊殷有娣)書院","5,560",59,183,"365","585","792","960","1,155","1,393","1,620","1,848","2,048","2,222","2,419","2,600","2,838"
"E1601 東華三院羅裕積小學","5,324",70,214,"400","578","799","966","1,172","1,411","1,612","1,864","2,037","2,274","2,468","2,693","2,931"
"E1701 油蔴地街坊會學校","3,043",45,114,"239","373","540","637","772","955","1,099","1,212","1,324","1,546","1,661","1,819","1,955"
"E1702 香港理工大學紅磡灣校園","568",6,21,"40","63","98","116","145","179","202","226","255","283","301","323","340"
"E1901 佐敦道官立小學","10,752",125,337,"716","1,032","1,460","1,875","2,266","2,687","3,149","3,611","3,989","4,431","4,739","5,072","5,479"
"F0101 保安道體育館","7,631",95,269,"528","774","1,078","1,456","1,764","2,077","2,430","2,751","3,102","3,416","3,660","4,004","4,402"
"F0201 福榮街官立小學","6,824",73,223,"469","686","1,015","1,379","1,687","1,982","2,321","2,603","2,928","3,202",NA,NA,NA
"F0301 英華女學校","5,870",63,212,"423","624","872","1,038","1,297","1,540","1,762","1,984","2,172","2,378","2,606","2,878","3,156"
"F0401 石硤尾社區會堂","10,482",129,432,"870","1,322","1,703","2,091","2,529","2,906","3,342","3,713","4,135","4,549","4,903","5,358","5,817"
"F0501 基督教香港崇真會安康幼兒學校","6,444",83,241,"483","760","1,020","1,213","1,464","1,729","2,001","2,248","2,483","2,733","3,015","3,330","3,623"
"F0601 深水埔街坊福利事務促進會","6,445",87,253,"461","697","932","1,113","1,393","1,634","1,934","2,181","2,422","2,623","2,856","3,150","3,398"
"F0701 北河街體育館","4,986",78,201,"350","549","748","921","1,105","1,265","1,447","1,631","1,824","1,985","2,155","2,337","2,495"
"F0801 南昌社區中心","7,720",96,251,"467","720","973","1,217","1,488","1,742","2,036","2,311","2,579","2,944","3,240","3,671","3,943"
"F0901 英華書院","11,250",168,457,"457","1,339","1,611","2,037","2,336","2,731","3,127","3,590","4,030","4,510","4,967","5,647","6,173"
"F1001 麗閣社區會堂","9,105",104,357,"669","1,055","1,445","1,782","2,294","2,521","2,906","3,262","3,681","3,938","4,310","4,662","5,082"
"F1101 旅港開平商會學校","6,125",134,360,"573","793","1,056","1,245","1,453","1,777","2,019","2,234","2,482","2,725","2,971","3,299","3,559"
"F1201 聖公會聖馬利亞堂莫慶堯中學","10,722",162,433,"817","1,192","1,615","1,997","2,485","3,082","3,082","3,082","4,696","4,919","5,453","5,840","6,516"
"F1301 美孚新邨孚佑堂","8,730",101,315,"614","1,007","1,375","1,854","2,288","2,703","3,157","3,621","4,011","4,430","4,818","5,369","5,933"
"F1401 博愛醫院美孚荔灣街坊會梁之潛伉儷長者健康支援及進修中心","7,442",107,288,"548","890","1,231","1,563","1,945","2,293","2,738","3,064","3,413","3,783","4,090","4,468","4,971"
"F1501 荔枝角公園體育館","8,175",143,353,"668","1,086","1,504","1,831","2,237","2,652","3,070","3,455","3,854","4,182","4,556","5,013","5,520"
"F1601 荔枝角社區會堂","7,565",95,267,"534","960","1,287","1,683","1,683","3,366","3,366","3,599","4,037","4,343","4,845","5,289","5,833"
"F1701 五邑工商總會學校","4,583",82,215,"390","590","769","936","1,140","1,317","1,527","1,745","1,922","2,127","2,305","2,540","2,753"
"F1801 長沙灣體育館","10,420",164,512,"970","1,459","1,854","2,258","2,673","3,084","3,463","3,829","4,200","4,587","4,932","5,328","5,791"
"F1901 長沙灣社區中心","9,260",116,388,"716","1,064","1,440","1,761","2,157","2,523","2,906","3,343","3,578","3,962","4,312","4,727","5,092"
"F2001 白田社區會堂","7,895",91,261,"564","784","1,097","1,321","1,625","1,880","2,195","2,477","2,751","3,055","3,394","3,719","4,072"
"F2101 聖母玫瑰書院","5,918",82,202,"394","610","846","1,166","1,445","1,716","2,006","2,297","2,530","2,871","3,165","3,517","3,987"
"F2201 大坑東社區中心","8,996",126,336,"722","1,080","1,439","1,719","2,027","2,438","2,805","3,196","3,562","3,980","4,297","4,682","5,062"
"F2301 白田天主教小學","3,797",35,139,"281","411","524","639","770","924","1,105","1,249","1,405","1,589","1,769","1,926","2,076"
"F2302 香港城市大學澤安中心","4,597",74,213,"369","529","728","909","1,064","1,261","1,457","1,655","1,872","2,057","2,257","2,444","2,811"
"G0101 馬頭涌官立小學","9,364",104,351,"696","1,080","1,483","1,859","2,183","2,543","2,988","3,399","3,748","4,166","4,607","5,059","5,477"
"G0201 土瓜灣體育館","13,250",197,589,"1,115","1,694","2,193","2,640","3,219","3,783","4,367","4,914","5,313","6,038","6,532","7,006","7,738"
"G0301 保良局林文燦英文小學","9,598",170,434,"870","1,146","1,525","1,904","2,218","2,590","2,947","3,398","3,890","4,248","4,602","5,064","5,522"
"G0401 獻主會聖馬善樂小學","8,762",85,335,"335","1,086","1,438","1,729","2,104","2,462","2,848","3,244","3,619","3,896","4,281","4,709","5,169"
"G0501 聖文嘉幼稚園","5,543",99,265,"486","703","935","1,143","1,326","1,503","1,727","1,955","2,174","2,388","2,612","2,799","3,055"
"G0502 循道衛理楊震社會服務處何文田青少年綜合發展中心","4,523",86,217,"423","611","793","926","1,069","1,256","1,425","1,654","1,856","2,011",NA,NA,NA
"G0601 余振強紀念中學","6,133",93,267,"451","710","1,002","1,352","1,625","1,878","2,192","2,478","2,732","3,022","3,250","3,551","3,924"
"G0602 何文田官立中學","3,234",47,132,"256","398","538","676","818","951","1,067","1,236","1,377","1,564","1,662","1,809","2,024"
"G0701 明愛九龍社區中心","3,209",32,99,"184","328","485","592","706","832","982","1,125","1,298","1,449","1,594","1,796","2,001"
"G0702 九龍總商會","4,963",74,196,"312","550","798","1,006","1,228","1,453","1,710","1,901","2,106","2,380","2,611","2,831","3,080"
"G0801 賽馬會官立中學","6,566",92,218,"458","706","1,028","1,295","1,514","1,795","2,079","2,366","2,734","2,982","3,255","3,578","3,882"
"G0901 九龍塘官立小學","6,446",97,228,"401","677","981","1,250","1,555","1,848","2,156","2,500","2,819","3,009","3,268","3,599","3,919"
"G0902 九龍方方樂趣幼稚兒園","1,016",20,40,"66","100","178","215","238","288","338","404","447","486",NA,NA,NA
"G1001 九龍城體育館","6,025",61,186,"393","612","794","983","1,187","1,397","1,634","1,839","2,060","2,290","2,513","2,739","2,921"
"G1101 聖三一堂小學","6,640",66,201,"447","716","1,002","1,174","1,515","1,790","2,078","2,392","2,623","2,875","3,060","3,435","3,717"
"G1201 保良局溫林美賢耆暉中心","5,233",107,249,"462","669","852","1,021","1,219","1,379","1,605","1,802","1,992","2,192","2,401","2,643","2,859"
"G1301 佛教陳策文伉儷幼稚園","7,791",211,506,"824","1,181","1,475","1,654","1,956","2,189","2,520","2,813","3,078","3,418","3,698","3,990","4,325"
"G1501 基督教香港信義會紅磡信義學校","5,341",86,212,"444","678","872","1,055","1,254","1,421","1,606","1,809","1,998","2,197","2,387","2,549","2,734"
"G1601 中華基督教會基道中學","5,875",85,212,"367","585","830","1,015","1,250","1,447","1,720","1,939","2,148","2,380","2,610","2,852","3,132"
"G1701 博愛醫院任永賢夫人幼稚園幼兒中心","4,581",54,150,"277","461","671","902","1,117","1,334","1,527","1,749","1,950","2,194","2,376","2,650","3,014"
"G1702 紅磡社區會堂","4,290",60,185,"335","519","640","803","973","1,173","1,378","1,536","1,700","1,850","2,057","2,255","2,466"
"G1801 葛量洪校友會黃埔學校","10,228",112,401,"740","1,158","1,621","2,126","2,806","3,148","3,744","4,289","4,757","5,314","5,766","6,291","7,202"
"G1901 馬頭涌官立小學(紅磡灣)","3,192",42,113,"217","383","558","692","865","1,042","1,222","1,378","1,531","1,698","1,838","2,054","2,233"
"G1902 香港青少年服務處賽馬會方樹泉綜合青少年服務中心","3,157",42,146,"283","408","547","723","889","1,067","1,194","1,330","1,479","1,628","1,781","1,993","2,219"
"G2001 聖公會聖匠中學","9,804",88,311,"644","1,098","1,566","1,965","2,407","2,863","3,420","3,816","4,296","4,677","4,956","5,487","6,068"
"G2101 紅磡市政大廈體育館","8,495",116,357,"708","1,034","1,331","1,691","1,905","2,218","2,546","2,890","3,193","3,400","3,746","4,111","4,371"
"G2201 愛培學校","5,576",101,267,"489","724","933","1,217","1,384","1,657","1,958","2,246","2,440","2,645","2,841","3,118","3,362"
"G2301 何文田體育館","7,490",100,274,"513","797","1,064","1,335","1,555","1,805","2,144","2,417","2,717","3,015","3,304","3,645","3,967"
"G2401 路德會包美達社區中心","10,622",106,396,"707","1,205","1,642","2,050","2,467","3,005","3,500","3,941","4,461","4,808","5,287","5,830","6,375"
"H0101 黃大仙社區中心","12,292",134,470,"916","1,361","1,882","2,290","2,812","3,290","3,783","4,304","4,775","5,240","5,602","6,123","6,651"
"H0201 聖公會基德小學","10,864",120,312,"645","1,040","1,427","1,800","2,185","2,608","3,115","3,526","3,816","4,241","4,740","5,115","5,590"
"H0301 龍翔官立中學","7,292",148,385,"385","913","1,108","1,319","1,645","1,806","2,127","2,354","2,587","2,862","3,100","3,453","3,796"
"H0401 嗇色園西醫診所","6,269",95,265,"467","719","1,001","1,407","1,726","1,726","2,175","2,175","2,857","2,857","3,296","3,640","3,873"
"H0501 鳳德社區中心","12,509",100,359,"665","1,130","1,607","2,082","2,552","2,990","3,488","4,010","4,394","4,871","5,306","5,827","6,465"
"H0601 香港小童群益會賽馬會慈雲山青少年綜合服務中心","6,417",85,229,"446","690","995","1,254","1,556","1,834","2,117","2,435","2,744","3,048","3,355","3,703","4,103"
"H0602 保良局張麥珍耆樂中心","4,160",77,195,"339","503","663","847","1,093","1,288","1,497","1,685","1,885","2,124","2,343","2,602","3,026"
"H0701 可立中學(嗇色園主辦)","4,602",49,197,"350","580","772","928","1,098","1,281","1,455","1,639","1,833","2,022","2,223","2,423","2,627"
"H0702 嘉諾撒小學 (新蒲崗)","6,042",79,256,"469","699","974","1,189","1,427","1,678","1,933","2,205","2,444","2,746","3,039","3,339","3,671"
"H0801 東頭社區中心","10,102",136,437,"745","1,190","1,521","1,921","2,355","2,653","3,135","3,559","3,947","4,300","4,718","5,106","5,541"
"H0901 華德學校","5,475",147,265,"472","631","796","1,072","1,161","1,315","1,492","1,705","1,898","2,054","2,244","2,454","2,657"
"H1001 摩士公園體育館","10,968",108,318,"606","988","1,364","1,690","2,030","2,394","2,850","3,265","3,692","4,084","4,499","4,932","5,379"
"H1101 香港青年協會賽馬會橫頭磡青年空間","5,343",72,202,"371","583","802","999","1,253","1,462","1,692","1,877","2,125","2,305","2,511","2,743","2,937"
"H1102 香港傷殘青年協會賽馬會活動中心","5,542",72,185,"370","538","779","942","1,129","1,309","1,569","1,789","2,019","2,212","2,397","2,623","2,881"
"H1201 天主教博智小學","5,798",109,299,"498","789","1,022","1,282","1,546","1,797","2,096","2,340","2,616","2,875","3,159","3,461","3,750"
"H1202 潔心林炳炎中學","3,958",45,142,"302","453","634","780","956","1,118","1,298","1,480","1,702","1,840","2,054","2,246","2,535"
"H1301 嗇色園主辦可德幼稚園","4,965",49,155,"323","493","643","808","1,013","1,170","1,376","1,584","1,780","1,976","2,141","2,320","2,566"
"H1302 翠竹商場5樓","7,190",96,270,"524","796","1,103","1,347","1,645","1,938","2,203","2,452","2,751","3,024","3,339","3,682","4,058"
"H1401 竹園社區中心","4,689",71,220,"434","614","794","942","1,104","1,264","1,432","1,600","1,752","1,913",NA,NA,NA
"H1402 浸信會天虹小學","3,971",58,127,"245","408","562","695","858","994","1,144","1,326","1,481","1,625","1,788","1,935","2,114"
"H1501 竹園體育館","11,125",127,376,"702","996","1,384","1,762","2,214","2,559","2,985","3,487","3,810","4,224","4,664","5,089","5,671"
"H1601 慈雲山(南區)社區中心","11,622",172,508,"861","1,254","1,693","2,029","2,421","2,823","3,262","3,779","4,202","4,609","5,140","5,636","6,163"
"H1701 肖霞幼稚園","9,965",121,366,"751","1,115","1,513","1,888","2,300","2,658","3,036","3,480","3,903","4,300","4,741","5,257","5,805"
"H1801 慈雲山聖文德天主教小學","12,237",176,428,"839","1,198","1,641","2,092","2,548","3,004","3,500","3,956","4,325","4,915","5,397","5,977","6,583"
"H1901 德愛中學","11,576",109,294,"650","1,044","1,410","1,799","2,250","2,735","3,153","3,697","4,187","4,580","5,134","5,734","6,412"
"H2001 香港海事青年團","4,988",116,284,"506","734","1,009","1,221","1,480","1,699","1,960","2,202","2,423","2,647","2,846","3,050","3,326"
"H2002 香港遊樂場協會賽馬會瓊富青少年綜合服務中心","7,456",94,269,"611","854","1,164","1,579","1,579","2,194","2,361","2,648","2,994","3,229","3,638","3,852","4,404"
"H2101 保良局陳麗玲(百周年)學校","8,643",153,373,"664","1,012","1,404","1,805","2,161","2,509","2,856","3,239","3,653","3,966","4,360","4,742","5,193"
"H2201 香港幼稚園協會幼兒學校","7,465",64,239,"502","797","1,064","1,325","1,587","1,859","2,139","2,445","2,717","2,991","3,272","3,580","3,906"
"H2301 彩雲社區中心","7,286",114,331,"598","765","1,103","1,324","1,614","1,887","2,226","2,484","2,770","3,036","3,429","3,707","4,063"
"H2401 佛教孔仙洲紀念中學","6,447",76,269,"511","837","1,164","1,468","1,801","2,079","2,348","2,649","2,979","3,237","3,504","3,851","4,184"
"H2402 中華基督教會基華小學","3,488",79,206,"336","479","611","727","867","997","1,129","1,264","1,400","1,520","1,673","1,771","1,866"
"H2501 聖公會聖本德中學","8,125",102,310,"630","962","1,239","1,529","1,797","2,153","2,427","2,802","3,096","3,401","3,885","4,098","4,364"
"J0101 觀塘官立小學","3,875",45,127,"245","384","520","678","871","1,039","1,198","1,353","1,532","1,664","1,807","1,980","2,110"
"J0102 觀塘社區中心","3,598",56,146,"274","397","527","633","764","872","994","1,126","1,252","1,389","1,507","1,652","1,812"
"J0201 德福花園社區會堂","7,005",81,301,"607","895","1,258","1,548","1,874","2,204","2,536","2,903","3,307","3,660","3,971","4,387","4,910"
"J0301 啟業社區會堂","6,762",155,395,"720","1,005","1,265","1,449","1,755","1,993","2,286","2,530","2,802","3,021","3,232","3,465","3,676"
"J0401 仁濟醫院羅陳楚思中學","10,318",113,347,"726","1,217","1,647","2,045","2,525","2,907","3,372","3,823","4,289","4,741",NA,NA,NA
"J0501 坪石天主教小學","7,940",47,262,"551","900","1,247","1,499","1,775","2,094","2,407","2,737","3,086","3,325",NA,NA,NA
"J0601 佐敦谷聖若瑟天主教小學","8,724",105,328,"614","962","1,292","1,595","1,883","2,187","2,500","2,836","3,145","3,475",NA,NA,NA
"J0701 香港基督教服務處樂暉長者地區中心","5,471",63,202,"379","587","752","914","1,147","1,310","1,496","1,678","1,880","2,079","2,294","2,533","2,819"
"J0702 天主教彩霞邨潔心幼稚園","4,136",58,148,"293","434","596","727","872","1,025","1,184","1,333","1,506","1,648","1,783","1,937","2,107"
"J0801 寧波第二中學","8,591",80,294,"580","924","1,238","1,491","1,798","2,127","2,389","2,694","3,006","3,318","3,641","3,976","4,480"
"J0901 順利社區中心","6,203",89,248,"441","717","1,005","1,216","1,442","1,715","1,913","2,218","2,422","2,674","2,907","3,182","3,450"
"J0902 中華基督教會基順學校","7,446",66,224,"461","729","1,116","1,677","1,964","2,229","2,699","2,963","3,293","3,542","3,956","4,301","4,797"
"J1001 迦密梁省德學校","7,177",96,358,"611","890","1,177","1,369","1,595","1,850","2,187","2,471","2,678","2,937","3,185","3,409","3,657"
"J1101 秀茂坪天主教小學","11,346",159,395,"828","1,229","1,711","2,044","2,390","2,781","3,249","3,654","4,070","4,476","4,948","5,514","6,109"
"J1201 基督教聖約教會堅樂小學","9,008",93,330,"670","1,012","1,380","1,628","1,930","2,253","2,560","2,902","3,233","3,522","3,833","4,180","4,613"
"J1301 路德會陳蒙恩幼稚園","6,587",123,291,"544","833","1,086","1,320","1,558","1,829","2,117","2,392","2,649","2,942","3,206","3,516","4,059"
"J1302 宣道會秀茂坪陳李詠貞幼稚園","5,210",75,189,"376","577","763","973","1,170","1,385","1,612","1,850","2,087","2,306","2,531","2,776","3,201"
"J1401 觀塘官立小學(秀明道)","7,906",118,310,"567","874","1,162","1,405","1,677","1,946","2,225","2,540","2,873","3,219","3,489","3,888","4,267"
"J1402 中華傳道會基石堂","2,398",31,82,"176","259","329","402","467","551","631","735","841","910","1,010","1,110","1,232"
"J1501 秀明小學","9,170",104,397,"709","1,091","1,440","1,749","2,014","2,322","2,699","3,000","3,284","3,610","3,953","4,285","4,680"
"J1601 聖愛德華天主教小學","9,425",130,406,"740","1,117","1,493","1,857","2,207","2,537","2,938","3,344","3,713","4,005","4,345","4,764","5,087"
"J1701 藍田聖保祿中學","3,541",64,166,"315","442","573","707","850","948","1,088","1,195","1,330","1,472","1,603","1,744","1,914"
"J1702 飛雁幼稚園","6,833",109,234,"531","782","1,048","1,323","1,583","1,837","2,119","2,408","2,679","2,924","3,173","3,480","3,849"
"J1801 藍田(東區)社區會堂","9,786",138,416,"896","1,376","1,655","2,004","2,378","2,767","3,178","3,592","3,921","4,259","4,590","4,907","5,281"
"J1802 藍田(南)體育館","7,983",111,299,"532","898","1,298","1,672","1,972","2,356","2,681","3,036","3,392","3,695","3,990","4,424","4,848"
"J1901 聖公會李兆強小學","10,707",96,338,"716","1,144","1,589","1,863","2,288","2,645","3,037","3,440","3,833","4,211","4,616","5,161","5,628"
"J2001 聖公會慈光堂聖匠幼稚園","5,342",66,211,"413","669","890","1,118","1,356","1,587","1,837","2,070","2,272","2,488",NA,NA,NA
"J2101 保良局方王錦全幼稚園","6,113",88,232,"435","656","851","1,098","1,296","1,527","1,764","2,011","2,240","2,497",NA,NA,NA
"J2201 中華基督教會基法小學(油塘)","8,767",119,352,"596","871","1,133","1,450","1,756","2,050","2,382","2,731","3,050","3,379","3,733","4,100","4,480"
"J2301 油塘社區會堂","11,832",164,443,"842","1,281","1,766","2,160","2,614","3,048","3,551","4,059","4,489","4,868","5,315","5,922","6,696"
"J2302 福建中學附屬學校","4,935",52,158,"362","561","762","1,029","1,252","1,485","1,722","1,921","2,115","2,232","2,467","2,761","3,039"
"J2401 天主教普照中學","8,014",82,280,"561","840","1,135","1,370","1,655","1,939","2,282","2,592","2,855","3,158","3,457","3,760","4,186"
"J2402 鯉魚門體育館","1,068",8,49,"88","104","160","200","267","313","364","416","458","490","527","553","617"
"J2501 茜草灣鄰里社區中心","11,980",125,414,"858","1,398","1,935","2,429","2,880","3,419","4,065","4,564","5,224","5,890",NA,NA,NA
"J2601 藍田 (西區) 社區中心","11,670",161,448,"796","1,279","1,706","2,251","2,251","3,273","3,781","4,179","4,816","5,094",NA,NA,NA
"J2701 天主教佑華小學","11,958",86,382,"789","1,239","1,667","2,047","2,653","3,024","3,313","3,785","4,153","4,596","4,975","5,386","5,871"
"J2801 觀塘瑪利諾書院","9,158",87,274,"582","873","1,196","1,541","1,856","2,187","2,538","2,897","3,228","3,570","3,929","4,354","4,761"
"J2901 地利亞修女紀念學校 (月華)","7,213",97,291,"595","894","1,231","1,550","1,796","2,133","2,427","2,750","3,049","3,315","3,602","3,955","4,405"
"J3001 瑞和街體育館","4,527",114,323,"509","719","854","971","1,125","1,268","1,425","1,570","1,748","1,878","2,037","2,177","2,302"
"J3002 曉光街體育館","3,720",57,190,"304","460","621","798","930","1,105","1,263","1,451","1,635","1,781","1,944","2,116","2,325"
"J3101 觀塘功樂官立中學","7,720",118,328,"673","949","1,230","1,510","1,829","2,126","2,396","2,758","3,055","3,338","3,672","4,093","4,491"
"J3201 聖公會基顯小學","8,934",157,351,"682","999","1,333","1,593","1,944","2,238","2,568","2,907","3,262","3,587","3,894","4,252","4,630"
"J3301 循道衛理觀塘社會服務處牛頭角青少年綜合服務中心","8,923",140,462,"776","1,126","1,499","1,782","2,044","2,365","2,693","3,009","3,341","3,634","3,929","4,289","4,592"
"J3401 振華道體育館","2,278",47,96,"187","278","403","489","599","718","824","931","1,033","1,151","1,225","1,329","1,420"
"J3402 保良局顧卞裘莉長者日間護理中心","7,108",142,336,"641","904","1,186","1,481","1,736","2,031","2,349","2,644","2,939","3,226","3,464","3,732","4,118"
"J3501 彩頤居禮堂","9,574",152,369,"697","1,063","1,408","1,754","2,161","2,416","2,746","3,095","3,416","3,720","4,067","4,516","5,424"
"J3601 聖公會基樂小學","7,624",86,266,"564","882","1,165","1,452","1,661","1,989","2,251","2,536","2,826","3,121","3,474","3,740","4,065"
"J3701 樂華社區中心","6,718",116,340,"662","1,008","1,264","1,571","1,880","2,155","2,435","2,714","2,955","3,158","3,474","3,742","3,984"
"K0101 雅麗珊社區中心","5,197",53,161,"311","547","768","962","1,166","1,406","1,614","1,888","2,099","2,283","2,516","2,795","3,054"
"K0201 荃灣天主教小學","5,242",73,222,"451","692","966","1,232","1,433","1,720","1,975","2,220","2,420","2,630","3,734","4,064","4,389"
"K0301 天主教石鐘山紀念小學","11,811",132,467,"854","1,388","1,874","2,535","2,996","3,562","4,173","4,772","5,302","6,034","3,741","4,005","4,245"
"K0401 寶安商會王少清中學","7,413",168,347,"694","1,142","1,403","1,746","1,995","2,350","2,665","2,877","3,112","3,396","6,355","6,685","7,274"
"K0501 荃灣官立中學","7,414",142,436,"778","1,093","1,446","1,692","2,038","2,283","2,577","2,848","3,154","3,459","5,180","5,180","6,213"
"K0601 荃景圍體育館","9,758",99,374,"685","1,179","1,970","2,518","3,221","3,633","4,204","4,653","4,653","5,630","2,945","3,264","3,638"
"K0701 柴灣角天主教小學","9,929",118,377,"846","1,250","1,724","2,094","2,522","3,032","3,409","3,802","4,302","4,788",NA,NA,NA
"K0801 中華基督教會基慧小學","5,532",82,242,"456","718","983","1,212","1,483","1,699","1,901","2,148","2,406","2,669",NA,NA,NA
"K0802 川龍村公所","399",12,20,"43","63","77","95","112","125","140","157","178","192","213","225","244"
"K0901 荃灣官立小學","10,204",115,353,"704","1,117","1,642","2,075","2,685","3,037","3,503","4,094","4,563","4,945","5,481","6,106","6,987"
"K1001 深井天主教小學","11,548",422,422,"925","1,558","2,013","2,505","3,040","3,575","4,129","4,701","5,211","5,868","6,441","7,018","8,118"
"K1101 香港浸信會聯會小學","8,308",65,262,"546","933","1,338","1,777","2,157","2,562","3,053","3,474","3,824","4,312","4,667","5,218","5,997"
"K1102 荃灣聖芳濟中學","5,733",115,259,"504","779","1,049","1,303","1,587","1,860","2,139","2,364","2,634","2,885","3,158","3,422","3,717"
"K1201 澳仙納幼稚園舊址","1,759",30,61,"119","202","314","378","454","537","609","704","799","878","952","1,053","1,175"
"K1202 豪景花園遊樂會","2,926",49,113,"224","329","569","602","748","883","1,020","1,178","1,330","1,468","1,605","1,799","2,004"
"K1301 中華基督教會基慧小學(馬灣)","6,181",61,196,"436","683","960","1,233","1,486","1,735","1,983","2,282","2,597","2,926","3,270","3,632","4,479"
"K1401 蕙荃體育館","10,134",98,335,"671","1,146","1,592","2,019","2,523","2,999","3,561","4,034","4,501","4,875","5,429","5,957","6,721"
"K1501 梨木樹社區會堂","7,606",134,358,"645","960","1,227","1,473","1,778","1,995","2,316","2,595","2,904","3,200","3,516","3,892","4,212"
"K1502 河背村村公所","2,055",32,75,"148","220","312","390","477","554","638","746","861","962","1,056","1,169","1,305"
"K1601 梨木樹天主教小學","9,166",79,247,"497","853","1,237","1,527","1,843","2,180","2,487","2,822","3,201","3,583","3,985","4,334","4,874"
"K1701 香港道教聯合會圓玄學院石圍角小學","5,797",67,267,"501","792","1,003","1,245","1,441","1,675","1,886","2,123","2,334","2,526","2,757","2,953","3,223"
"K1801 前荃灣信義學校","3,935",45,171,"306","497","664","822","953","1,069","1,205","1,375","1,517","1,664","1,808","1,974","2,126"
"K1802 荃灣公立何傳耀紀念中學","4,852",99,348,"420","598","794","970","1,142","1,301","1,497","1,680","1,865","2,048","2,228","2,418","2,617"
"L0101 屯門市中心社區會堂","3,799",45,119,"246","414","553","715","889","1,065","1,219","1,372","1,538","1,715","1,883","2,117","2,288"
"L0102 青山天主教小學","2,537",44,101,"209","293","389","480","611","716","849","964","1,056","1,193","1,322","1,451","1,557"
"L0201 保良局香港道教聯合會圓玄小學","9,112",120,332,"746","1,083","1,286","1,771","2,211","2,544","2,889","3,205","3,586","3,945","4,375","4,923","5,459"
"L0202 仁愛堂劉皇發夫人小學","4,805",52,156,"314","478","589","842","1,065","1,317","1,566","1,726","1,941","2,190","2,403","2,630","2,854"
"L0301 深培中學","5,808",90,235,"446","643","806","1,005","1,244","1,490","1,742","1,956","2,194","2,465","2,752","3,064","3,321"
"L0302 青松侯寶垣中學","2,120",27,89,"149","233","312","407","519","621","716","813","936","1,044","1,169","1,314","1,486"
"L0401 安定/友愛社區中心","7,123",113,299,"547","808","975","1,239","1,512","1,788","2,075","2,341","2,601","2,844","3,137","3,430","3,667"
"L0402 聖公會青山聖彼得堂兆麟苑幼稚園","2,992",56,105,"230","377","465","580","679","775","913","1,037","1,187","1,284","1,438","1,587","1,730"
"L0501 順德聯誼總會譚伯羽中學","8,469",104,245,"507","793","899","1,220","1,524","1,815","2,089","2,315","2,655","2,934","3,270","3,604","3,997"
"L0601 伊斯蘭學校","6,179",55,181,"394","597","707","947","1,151","1,408","1,622","1,797","2,035","2,301","2,586","2,867","3,190"
"L0602 仁濟醫院何式南小學","6,509",87,235,"421","688","879","1,127","1,434","1,739","2,000","2,220","2,474","2,750","3,108","3,432","3,790"
"L0701 馬錦明慈善基金馬可賓紀念中學","9,061",123,367,"736","1,113","1,113","1,830","2,305","2,800","3,190","3,582","4,056","4,507","4,996","5,436","5,956"
"L0801 山景社區會堂","10,488",110,339,"657","977","1,237","1,552","1,940","2,310","2,660","3,003","3,370","3,708","4,057","4,457","4,834"
"L0901 大興社區會堂","5,598",77,253,"463","683","778","1,034","1,243","1,435","1,633","1,825","1,991","2,229","2,430","2,627","2,825"
"L0902 仁愛堂陳黃淑芳紀念中學","2,438",23,102,"204","287","325","383","459","541","624","695","778","857","933","991","1,052"
"L1001 大興體育館","9,788",204,465,"795","1,119","1,373","1,759","2,107","2,479","2,813","3,130","3,476","3,930","4,306","4,755","5,219"
"L1101 中華基督教會譚李麗芬紀念中學","2,136",31,74,"118","181","213","299","395","465","541","615","731","828","942","1,050","1,144"
"L1102 井財街社區會堂","4,499",32,140,"276","407","493","696","696","1,088","1,222","1,388","1,591","1,785","1,963","2,284","2,448"
"L1201 救世軍三聖邨劉伍英學校","5,881",83,226,"430","687","866","1,156","1,406","1,653","1,899","2,125","2,364","2,610","2,846","3,140","3,515"
"L1202 海關訓練學校","1,767",17,58,"123","199","292","378","452","529","617","684","763","817",NA,NA,NA
"L1301 入境事務學院","2,390",52,118,"185","260","334","439","558","652","771","867","952","1,045","5,257","5,827","6,589"
"L1302 保良局西區婦女福利會馮李佩瑤小學","7,105",83,264,"482","729","1,008","1,294","1,581","1,912","2,221","2,506","2,838","3,152","4,035","4,526","5,137"
"L1401 新屯門中心社區中心","11,431",106,354,"746","1,097","1,665","2,045","2,480","2,981","3,436","3,856","4,387","4,828","4,706","5,394","5,980"
"L1501 南屯門官立中學","8,590",78,284,"583","935","1,250","1,605","1,994","2,329","2,671","2,957","3,272","3,720","2,818","3,132","3,461"
"L1601 世界龍岡學校劉德容紀念小學","9,628",147,400,"640","1,052","1,455","1,908","2,252","2,722","3,186","3,431","3,844","4,180","1,742","1,953","2,195"
"L1701 東華三院辛亥年總理中學","7,943",73,210,"437","675","865","1,076","1,286","1,512","1,764","1,987","2,246","2,528",NA,NA,NA
"L1801 五邑鄒振猷學校","3,645",45,128,"287","436","590","730","872","1,010","1,134","1,265","1,434","1,574",NA,NA,NA
"L1802 蝴蝶灣社區中心","6,165",94,264,"491","744","944","1,146","1,324","1,549","1,771","1,946","2,144","2,376","2,590","2,827","3,010"
"L1901 香港路德會增城兆霖學校","4,835",98,175,"468","690","867","1,052","1,309","1,564","1,736","1,913","2,110","2,377","2,569","2,879","3,175"
"L1902 龍鼓灘村公所","778",25,39,"59","98","135","170","200","234","262","301","353","379","408","440","471"
"L2001 龍逸社區會堂","8,663",112,332,"559","907","1,101","1,364","1,668","1,948","2,287","2,559","2,913","3,214","3,517","3,979","4,489"
"L2002 仁濟醫院第二中學","796",7,19,"40","75","86","109","139","184","213","233","271","303","334","367","390"
"L2101 香港紅卍字會屯門卍慈小學","9,430",104,323,"553","826","1,029","1,344","1,669","2,045","2,394","2,750","3,093","3,468","3,846","4,294","4,809"
"L2201 良景社區中心","9,954",129,351,"627","918","1,095","1,454","1,828","2,200","2,572","2,933","3,290","3,654","4,006","4,373","4,785"
"L2301 柏立基教育學院校友會何壽基學校","11,009",75,307,"623","957","1,169","1,524","1,948","2,357","2,753","3,115","3,530","3,946","4,452","4,935","5,553"
"L2401 保良局志豪小學","6,482",92,318,"646","940","982","1,189","1,321","1,534","1,749","1,954","2,165","2,331","2,527","2,733","2,959"
"L2402 屯門紫田村村公所","1,875",23,69,"134","223","271","356","432","494","562","621","726","807","884","964","1,056"
"L2501 建生社區會堂","10,132",127,330,"690","1,068","1,309","1,798","2,080","2,493","2,837","3,186","3,567","3,887","4,419","4,979","5,459"
"L2601 屯門官立小學","8,568",170,334,"652","959","1,139","1,532","1,926","2,258","2,609","2,908","3,313","3,693","4,084","4,562","5,154"
"L2701 聖公會蒙恩小學","7,363",85,306,"590","863","1,099","1,448","1,790","2,177","2,469","2,786","3,126","3,457","3,832","4,241","4,673"
"L2702 興德學校","2,717",53,126,"228","364","462","548","763","915","1,019","1,115","1,263","1,424","1,576","1,729","1,880"
"L2801 嶺南大學郭少明伉儷樓","11,490",102,229,"491","820","1,010","1,311","1,753","2,038","2,412","2,665","3,198","3,535","1,389","1,557","1,682"
"L2802 福亨村村公所","1,021",13,30,"55","104","130","188","232","278","319","360","419","481","942","1,048","1,197"
"L2901 僑所公立學校","3,313",48,112,"212","313","405","528","647","767","883","1,020","1,143","1,277","1,191","1,370","1,486"
"L2902 屯門學校","2,048",19,67,"132","212","244","306","405","474","569","654","740","844","3,695","4,092","4,460"
"L2903 屯門新村村公所","2,658",42,100,"188","294","373","485","607","705","790","871","984","1,100","3,220","3,462","3,820"
"M0101 元朗商會小學","8,018",91,281,"610","933","1,204","1,492","1,811","2,165","2,421","2,737","3,046","3,375",NA,NA,NA
"M0201 聖公會靈愛小學","7,074",102,332,"521","794","1,053","1,388","1,685","1,976","2,198","2,319","2,625","2,918",NA,NA,NA
"M0202 元朗公立中學校友會小學","4,139",58,172,"341","483","673","899","1,080","1,261","1,429","1,618","1,811","2,027","2,247","2,465","2,734"
"M0301 朗屏社區會堂","10,294",70,275,"549","883","1,242","1,650","2,028","2,476","2,750","3,136","3,508","3,879","4,259","4,766","5,339"
"M0401 元朗朗屏邨東莞學校","8,630",47,232,"512","803","1,083","1,347","1,654","1,950","2,265","2,613","2,950","3,324","3,726","4,125","4,628"
"M0501 元朗郵政局","4,714",47,130,"293","468","631","805","1,013","1,161","1,340","1,515","1,682","1,854","2,051","2,215","2,423"
"M0502 鳳琴街體育館","6,605",60,198,"421","670","987","1,255","1,525","1,841","2,115","2,393","2,639","2,882","3,168","3,461","3,838"
"M0601 中華基督教會基元中學","4,022",61,152,"271","508","706","1,003","1,268","1,439","1,632","1,834","1,993","2,191","2,395","2,708","2,955"
"M0701 佛教榮茵學校","5,891",78,184,"398","640","911","1,148","1,449","1,656","1,953","2,152","2,435","2,689","3,038","3,397","3,764"
"M0801 元朗官立小學","1,103",16,36,"62","88","123","156","186","230","243","283","313","349","380","420","474"
"M0802 鐘聲學校","5,963",47,133,"279","457","681","879","1,144","1,359","1,634","1,890","2,153","2,391","2,630","2,899","3,234"
"M0901 聖公會白約翰會督中學","6,345",46,201,"350","533","831","1,110","1,384","1,736","1,947","2,201","2,416","2,720","2,971","3,318","3,547"
"M0902 明愛元朗陳震夏中學","3,820",39,108,"229","387","552","751","959","1,118","1,293","1,452","1,617","1,785","1,944","2,153","2,415"
"M1001 瑋琦文化教育機構(殷翠幼稚園)","3,890",47,122,"222","342","446","560","720","825","975","1,118","1,276","1,416","1,567","1,741","1,917"
"M1002 香港童軍總會蔡志明聯光童軍中心","6,551",71,181,"337","548","776","975","1,178","1,364","1,547","1,761","2,038","2,257","2,457","2,725","3,092"
"M1101 工業福音團契元朗惠群天地","3,332",55,122,"227","349","467","600","731","854","976","1,105","1,223","1,361",NA,NA,NA
"M1102 可道中學（嗇色園主辦）","7,049",89,251,"493","773","970","1,244","1,502","1,780","2,041","2,329","2,551","2,823","3,069","3,369","3,653"
"M1201 屏山天水圍體育館","3,709",35,85,"167","300","421","560","701","822","973","1,131","1,306","1,442","1,599","1,801","1,972"
"M1301 橫洲村公所","3,778",48,140,"251","371","515","659","759","891","1,009","1,149","1,322","1,466","1,612","1,793","2,003"
"M1302 前沙江公立聯益學校","1,521",20,66,"112","179","241","306","359","420","460","525","585","631","668","703","768"
"M1401 基督教香港信義會榮真堂","931",14,37,"58","81","108","127","172","206","220","245","271","298","315","354","407"
"M1402 錫降圍村公所","3,210",61,149,"240","355","467","557","652","779","854","965","1,059","1,203","1,388","1,507","1,679"
"M1403 鄰舍輔導會屯門/元朗鄉郊中心","3,211",38,113,"214","309","405","531","675","779","883","1,011","1,160","1,300",NA,NA,NA
"M1501 伊利沙伯中學舊生會小學分校","6,397",72,170,"330","555","861","1,089","1,089","1,089","2,000","2,150","2,578","2,743","3,057","3,382","3,648"
"M1502 獅子會何德心小學","6,599",88,239,"434","673","918","1,196","1,450","1,722","2,000","2,339","2,649","2,649","3,179","3,179","3,846"
"M1601 天瑞社區中心","10,021",118,350,"669","997","1,374","1,752","2,119","2,430","2,853","3,195","3,636","4,017","4,411","4,842","5,393"
"M1701 東華三院姚達之紀念小學(元朗)","7,765",98,257,"472","782","1,059","1,333","1,571","1,815","2,068","2,388","2,674","2,980","3,293","3,606","4,022"
"M1801 賽馬會毅智書院","6,562",98,263,"723","723","925","1,161","1,456","1,661","1,908","2,168","2,385","2,650","2,985","3,341","3,712"
"M1802 東華三院李東海小學","6,529",93,215,"394","607","758","986","1,191","1,375","1,611","1,859","2,101","2,337","2,593","2,833","3,145"
"M1901 天水圍循道衞理中學","9,075",65,279,"499","788","1,017","1,355","1,674","1,966","2,138","2,599","2,840","3,169","3,522","3,981","4,379"
"M2001 天暉路社區會堂","10,191",185,416,"729","1,083","1,429","1,730","2,104","2,417","2,740","3,132","3,475","3,806","4,223","4,685","5,120"
"M2101 聖公會天水圍靈愛小學","10,631",60,257,"488","821","1,120","1,458","1,741","2,051","2,388","2,755","3,077","3,385","3,847","4,283","5,044"
"M2201 順德聯誼總會伍冕端小學","12,123",89,320,"627","974","1,355","1,685","2,062","2,445","2,822","3,222","3,624","4,125","4,609","5,250","6,038"
"M2301 元朗公立中學校友會英業小學","10,544",86,273,"564","887","1,186","1,500","1,839","2,199","2,425","2,846","3,252","3,609","4,016","4,577","5,148"
"M2401 天晴社區會堂","8,781",114,328,"581","870","1,236","1,519","1,790","2,128","2,441","2,753","3,091","3,485","3,779","4,188","4,642"
"M2501 香港管理專業協會羅桂祥中學","10,553",206,518,"899","1,335","1,793","2,302","2,708","3,285","3,710","4,200","4,629","5,096",NA,NA,NA
"M2601 道慈佛社楊日霖紀念學校","6,750",92,267,"505","719","932","1,154","1,380","1,567","1,820","2,047","2,289","2,513",NA,NA,NA
"M2701 天水圍官立中學","8,883",89,286,"577","863","1,127","1,486","1,779","2,105","2,396","2,739","3,061","3,449","3,743","4,163","4,695"
"M2801 天耀社區中心","8,337",97,301,"531","807","1,096","1,446","1,741","2,041","2,316","2,613","2,972","3,271","3,590","3,981","4,451"
"M2901 裘錦秋中學 (元朗)","8,717",140,330,"672","954","1,341","1,644","1,970","2,393","2,765","3,139","3,523","3,849","4,237","4,752","5,300"
"M3001 香港青年協會李兆基小學","7,752",67,248,"525","837","1,023","1,363","1,622","1,927","2,184","2,540","2,798","3,232","3,569","3,885","4,434"
"M3101 港澳信義會黃陳淑英紀念學校","8,180",96,287,"514","825","1,185","1,537","1,892","2,235","2,566","2,885","3,222","3,568","3,568","4,553","5,138"
"M3201 惇裕學校","3,236",31,72,"160","264","362","484","595","689","764","842","919","1,028","1,105","1,223","1,323"
"M3202 聖加百利幼稚園","5,812",71,190,"383","610","843","1,027","1,274","1,490","1,744","1,914","2,152","2,386","2,595","2,817","3,145"
"M3301 聖公會聖約瑟小學","5,796",72,177,"350","568","786","1,043","1,284","1,528","1,706","1,918","2,123","2,326","2,559","2,766","3,062"
"M3401 台山公立學校 (舊址)","6,014",81,170,"357","538","761","976","1,216","1,349","1,563","1,831","2,074","2,319","2,516","2,786","3,029"
"M3501 八鄉中心小學 (石湖塘)","9,536",104,337,"608","945","1,375","1,725","2,122","2,457","2,838","3,280","3,641","3,978","4,342","4,741","5,428"
"N0101 香海正覺蓮社佛教馬錦燦紀念英文中學","5,897",51,209,"430","676","969","1,232","1,444","1,685","1,927","2,136","2,371","2,601","2,855","3,164","3,473"
"N0201 粉嶺公立學校","3,121",37,115,"205","323","462","561","658","805","943","1,088","1,214","1,334","1,429","1,551","1,691"
"N0202 明愛粉嶺陳震夏中學","3,093",34,112,"225","361","476","645","782","923","1,055","1,217","1,375","1,519","1,698","1,864","2,058"
"N0301 祥華社區會堂","11,556",106,340,"733","1,164","1,551","1,930","2,384","2,838","3,273","3,737","4,219","4,645","5,080","5,568","6,132"
"N0401 香海正覺蓮社佛教正覺蓮社學校","11,401",158,382,"795","1,271","1,820","2,240","2,767","3,311","3,785","4,322","4,769","5,236","5,733","6,372","7,070"
"N0501 鳳溪廖潤琛紀念學校","11,770",123,365,"745","1,152","1,552","1,997","2,510","2,915","3,258","3,726","4,136","4,599","5,123","5,760","6,389"
"N0601 香海正覺蓮社佛教普光學校","5,208",60,185,"383","558","801","996","1,220","1,481","1,699","1,948","2,194","2,435","2,686","2,919","3,228"
"N0602 路德會賽馬會雍盛綜合服務中心","8,354",121,276,"540","842","1,154","1,442","1,799","2,089","2,409","2,708","3,035","3,352","3,691","4,078","4,601"
"N0701 聖公會嘉福榮真小學","9,968",80,317,"664","1,023","1,354","1,749","2,112","2,553","2,963","3,355","3,751","4,180","4,626","5,178","5,931"
"N0801 粉嶺官立中學","4,251",67,178,"386","580","826","1,015","1,237","1,440","1,736","1,736","2,167","2,298","2,523","2,790","3,098"
"N0802 田家炳中學","2,803",37,98,"189","281","402","571","680","851","983","1,159","1,281","1,446","1,587","1,767","1,957"
"N0901 風采中學 (教育評議會主辦)","9,748",107,311,"641","1,001","1,312","1,655","1,940","2,225","2,563","2,870","3,193","3,569","3,959","4,440","5,054"
"N1001 保榮路體育館","7,512",81,236,"457","844","1,150","1,405","1,680","1,964","2,219","2,537","2,802","3,148","3,427","3,851","4,330"
"N1101 金錢村何東學校","2,777",55,105,"201","285","422","422","626","718","799","892","984","1,071","1,139","1,305","1,396"
"N1102 蕉徑村公所","1,820",48,110,"189","259","335","401","488","564","654","736","797","866","937","1,019","1,099"
"N1103 古洞公立愛華學校","3,161",70,162,"259","378","519","671","776","910","1,061","1,182","1,287","1,427","1,554","1,692","1,835"
"N1104 坑頭村公所","2,063",41,102,"186","274","350","431","508","575","651","742","829","926","1,005","1,134","1,237"
"N1201 彩園會堂","11,077",183,546,"937","1,335","1,826","2,148","2,723","3,180","3,523","3,922","4,353","4,765","5,219","5,653","6,070"
"N1301 龍琛路體育館","1,600",10,39,"89","142","198","250","300","344","389","432","481","537","577","654","735"
"N1302 聖公會陳融中學","5,236",89,232,"403","638","878","1,108","1,350","1,574","1,810","2,021","2,295","2,526","2,763","3,054","3,321"
"N1303 香海正覺蓮社佛教陳式宏學校","2,620",54,125,"247","340","457","545","632","760","865","967","1,061","1,180","1,284","1,489","1,611"
"N1401 石湖墟公立學校","10,402",70,275,"577","927","1,281","1,689","2,078","2,419","2,856","3,229","3,607","4,090","4,502","5,021","5,642"
"N1501 鳳溪廖萬石堂中學","8,456",80,217,"443","735","1,148","1,443","1,725","2,120","2,366","2,687","2,949","3,297",NA,NA,NA
"N1601 打鼓嶺嶺英公立學校","1,315",18,35,"71","102","138","167","213","268","306","353","401","428",NA,NA,NA
"N1602 International College Hong Kong","2,117",30,64,"150","221","309","373","434","469","503","540","601","651",NA,NA,NA
"N1603 吉澳村公所","102",0,8,"14","16","18","21","21","22","24","26","28","30","30","30","30"
"N1604 沙頭角中心小學","3,419",11,68,"216","423","565","721","850","961","1,060","1,139","1,281","1,384","1,565","1,801","1,962"
"N1605 李氏宗祠","76",2,4,"7","12","14","24","24","29","30","32","34","37","37","37","37"
"N1606 打鼓嶺社區會堂","1,532",19,57,"103","176","234","301","362","406","462","512","563","613","653","706","787"
"N1701 天平體育館","6,761",52,170,"362","583","832","1,119","1,329","1,594","1,831","2,070","2,315","2,594","2,888","3,245","3,609"
"N1702 聯和墟社區會堂","7,335",88,241,"482","833","1,216","1,503","1,883","2,223","2,538","2,877","3,168","3,442","3,824","4,172","4,662"
"N1801 從謙學校","1,558",18,44,"69","138","203","261","313","367","417","472","515","547","587","634","700"
"N1802 龍山學校","1,726",24,53,"113","158","219","292","331","408","456","514","570","634","704","773","840"
"N1803 軍地蔬菜產銷有限責任合作社","1,978",34,66,"114","162","222","286","342","393","468","530","606","664","727","813","892"
"N1804 新福事工協會生命導向中心","2,508",42,109,"192","283","377","439","520","702","759","791","878","939","1,022","1,106","1,219"
"N1805 和合石村公所","605",14,27,"49","62","83","111","127","139","164","191","223","242","273","293","324"
"P0101 大埔社區中心 (展覽廳)","6,950",66,349,"477","718","978","1,239","1,521","1,771","2,039","2,313","2,593","2,858","3,131","3,419","3,659"
"P0201 大埔官立中學","7,823",98,289,"569","923","1,345","1,784","2,180","2,615","3,022","3,382","3,759","4,059","4,472","4,888","5,373"
"P0301 新界婦孺福利會梁省德學校","3,440",40,153,"292","418","621","774","950","1,097","1,235","1,413","1,550","1,732","1,889","2,073","2,297"
"P0302 香港紅卍字會大埔卍慈中學","5552",49,201,"366","557","768","989","1167","1368","1609","1844","2082","2331","2553","2797","3144"
"P0401 大元社區會堂","8876",69,268,"514","817","1173","1470","1728","2056","2407","2752","3108","3430","3826","4138","4505"
"P0501 富亨鄰里社區中心","11628",163,391,"707","1095","1493","1850","2280","2725","3171","3631","4086","4482","5033","5507","6200"
"P0601 富善社區會堂","11831",110,335,"704","1096","1518","1518","2429","2879","3319","3874","4392","4855","5431","5918","6717"
"P0701 香港道教聯合會圓玄學院第二中學","9129",116,367,"674","1004","1410","1795","2187","2573","2976","3364","3727","4117","4446","4905","5509"
"P0801 廣福社區會堂","7587",134,324,"624","852","1121","1384","1669","1917","2210","2498","2780","3090","3454","3784","4145"
"P0802 大埔崇德黃建常紀念學校","1278",24,77,"129","200","268","322","384","441","512","555","613","664","730","804","884"
"P0901 大埔浸信會公立學校","8,535",85,339,"616","984","1,355","1,634","1,932","2,264","2,591","3,000","3,411","3,696","1,642","1,814","1,980"
"P1001 香港教師會李興貴中學","10,337",124,382,"730","1,153","1,402","2,032","2,433","2,990","3,443","3,943","4,545","4,922","3,881","4,316","4,908"
"P1002 保良局田家炳千禧小學","2,854",30,110,"214","358","499","618","777","938","1,098","1,277","1,409","1,549","3,316","3,630","4,004"
"P1101 運頭塘鄰里社區中心","8,550",98,264,"533","872","1,191","1,527","1,825","2,116","2,486","2,820","3,146","3,530","984","1,096","1,241"
"P1201 仁濟醫院蔡衍濤小學","5,785",93,232,"430","691","949","1,261","1,570","1,816","2,107","2,389","2,643","3,010",NA,NA,NA
"P1202 挪威國際學校","2,056",32,98,"170","264","343","415","503","567","635","716","809","877",NA,NA,NA
"P1301 南華莆村崇真堂","629",12,21,"46","77","92","151","174","217","241","261","290","318",NA,NA,NA
"P1302 獅子會林村青年中心","5,000",67,178,"383","531","724","902","1,083","1,256","1,447","1,648","1,854","2,035","2,245","2,531","2,800"
"P1303 圍頭村村公所","1,247",55,84,"127","187","234","290","344","367","422","472","536","586","636","695","760"
"P1304 泰亨公立學校","1,451",39,70,"124","178","254","326","383","441","512","583","649","711","779","892","973"
"P1401 神召會康樂中學","10,565",162,353,"606","976","1,328","1,736","2,126","2,539","2,998","3,401","3,872","4,292","4,730","5,299","5,961"
"P1501 林村公立黃福鑾紀念學校","10,926",109,265,"575","907","1,253","1,612","2,030","2,379","2,763","3,162","3,619","4,039","4,523","5,026","5,573"
"P1601 太和鄰里社區中心","7,799",101,273,"539","835","1,156","1,570","1,929","2,334","2,733","3,193","3,627","4,006","4,496","4,843","5,321"
"P1701 大埔三育中學","5,006",80,184,"304","516","796","995","1,196","1,435","1,671","1,930","2,175","2,381","2,623","2,941","3,308"
"P1702 九龍坑公立育賢學校","1,864",28,77,"155","247","324","389","476","558","630","706","804","893","959","1,037","1,110"
"P1703 康樂園服務處會議室","1,931",21,81,"165","215","290","378","454","549","627","704","812","919","971","1,100","1,222"
"P1704 孔教學院大成何郭佩珍中學","2,203",8,104,"179","296","391","493","586","686","788","883","1,003","1,130","1,226","1,358","1,497"
"P1801 大美督村公所","2,966",33,115,"207","300","404","510","614","730","842","953","1,088","1,204","1,332","1,455","1,761"
"P1802 船灣詹屋村村公所","4,456",78,190,"304","435","559","702","836","978","1,118","1,277","1,435","1,569","1,714","1,870","2,358"
"P1803 香港教育學院賽馬會小學","1,341",6,34,"84","140","207","240","285","358","465","515","574","650","702","808","935"
"P1901 香港浸信會神學院","5,675",146,192,"331","586","757","1,036","1,277","1,485","1,701","1,932","2,261","2,544",NA,NA,NA
"P1902 西貢郊野公園遊客中心","192",5,8,"13","20","26","30","35","46","50","61","67","86","92","92","96"
"P1903 塔門鄉公所","216",3,7,"31","38","45","47","47","51","55","63","67","69","80","80","80"
"Q0101 西貢賽馬會大會堂","8,785",117,315,"633","999","1,372","1,732","2,091","2,483","2,853","3,153","3,425","3,733","4,105","4,423","4,848"
"Q0102 萬宜漁村公共會堂","1,879",31,82,"137","221","270","349","412","454","508","558","630","694","753","848","931"
"Q0201 前西貢中心小學","6,887",101,249,"504","762","1,027","1,318","1,591","1,870","2,115","2,367","2,615","2,858","3,154","3,442","3,857"
"Q0401 港澳信義會小學","4,669",52,125,"303","463","664","851","1,035","1,231","1,508","1,697","1,887","2,050",NA,NA,NA
"Q0501 新界西貢坑口區鄭植之中學","4,609",46,161,"329","480","682","892","1,123","1,339","1,534","1,764","2,025","2,182",NA,NA,NA
"Q0601 播道書院","9,194",96,287,"554","867","1,091","1,522","1,917","2,284","2,670","3,086","3,450","3,685","4,271","4,740","5,434"
"Q0701 香港基督教女青年會將軍澳綜合社會服務處","7,102",138,372,"732","1,042","1,433","1,769","2,193","2,504","2,942","3,338","3,641","4,156","4,540","4,833","5,446"
"Q0801 優才(楊殷有娣)書院","6,082",55,152,"336","603","869","1,138","1,418","1,711","2,025","2,324","2,659","2,916","3,233","3,564","3,971"
"Q0901 香海正覺蓮社佛教正覺中學","8,539",78,227,"418","668","668","1,308","1,513","1,781","2,111","2,468","2,879","3,158","3,517","3,950","4,497"
"Q1001 寶覺中學","10,999",115,328,"585","938","1,320","1,694","2,058","2,500","2,925","3,360","3,817","4,286","4,796","5,354","5,997"
"Q1101 博愛醫院八十週年鄧英喜中學","9,264",102,285,"575","989","1,459","1,880","2,298","2,761","3,235","3,678","4,182","4,578","5,041","5,596","6,191"
"Q1201 仁濟醫院王華湘中學","9,992",69,208,"558","905","1,269","1,670","2,163","2,639","3,134","3,613","4,053","4,486","4,961","5,436","6,299"
"Q1301 將軍澳運動場","6,074",52,168,"346","596","830","1,197","1,516","1,840","2,224","2,572","2,961","3,309","3,615","3,999","4,483"
"Q1401 將軍澳官立小學","9,769",85,273,"602","1,026","1,509","2,035","2,606","3,100","3,607","4,177","4,600","5,089","5,503","6,117","6,742"
"Q1501 翠林體育館","2,049",29,75,"160","247","335","406","496","582","676","758","843","924","1,005","1,122","1,244"
"Q1502 景嶺書院","4,654",37,128,"300","470","678","819","1,054","1,253","1,463","1,639","1,888","2,129","2,304","2,511","2,803"
"Q1601 翠林社區會堂","10,852",124,338,"684","1,071","1,485","1,899","2,287","2,656","3,082","3,579","4,012","4,469","4,953","5,340","5,859"
"Q1701 迦密主恩中學","12,590",117,323,"701","1,082","1,558","2,034","2,508","2,966","3,409","3,955","4,418","4,886","5,461","5,986","6,662"
"Q1801 寶林邨文娛活動會堂","11,338",149,387,"749","1,235","1,690","2,192","2,751","3,190","3,735","4,307","4,817","5,390","5,905","6,470","7,243"
"Q1901 順德聯誼總會梁潔華小學","11,824",121,418,"825","1,378","1,935","2,514","3,123","3,815","4,361","5,022","5,628","6,241","6,743","7,570","8,339"
"Q1902 順德聯誼總會鄭裕彤中學","4,724",53,146,"315","514","719","1,004","1,204","1,456","1,742","2,002","2,219","2,576","2,753","2,998","3,412"
"Q2001 景林鄰里社區中心","12,273",178,348,"787","1,355","1,681","2,076","2,603","3,174","3,676","3,676","4,750","5,241","5,656","6,287","6,807"
"Q2101 天主教鳴遠中學","11,644",90,380,"866","1,495","1,814","2,349","2,772","3,203","3,664","4,174","4,666","5,121","5,599","6,283","6,952"
"Q2201 港澳信義會慕德中學","10,092",107,302,"686","1,138","1,594","2,050","2,457","2,945","3,435","3,932","4,392","4,883","5,340","5,896","6,392"
"Q2301 坑口社區會堂","12,336",134,390,"773","1,310","1,755","2,283","2,768","3,339","3,856","4,493","5,039","5,501","6,030","6,723","7,539"
"Q2401 尚德社區會堂","12,519",131,354,"634","944","1,363","1,751","2,127","2,553","2,978","3,409","3,905","4,334","4,808","5,330","6,301"
"Q2501 香港道教聯合會圓玄學院第三中學","11,557",110,357,"750","1,157","1,602","2,027","2,584","3,010","3,446","3,962","4,500","4,976","5,486","6,187","6,793"
"Q2601 啓思中學","2,767",34,117,"175","270","463","559","678","780","939","1,072","1,262","1,462","1,623","1,816","2,114"
"Q2602 康城社區會堂","10,568",134,338,"736","1,174","1,752","2,329","2,758","3,370","3,821","4,392","4,941","5,502","6,295","6,755","7,866"
"R0101 沙田大會堂","8,046",91,298,"576","952","1,258","1,684","2,063","2,589","3,037","3,437","3,766","4,138","4,456","4,915","5,403"
"R0102 沙田官立中學","1,605",35,81,"160","210","287","353","441","507","581","672","768","845","927","1,072","1,168"
"R0201 瀝源社區會堂","7,985",88,292,"701","957","1,313","1,576","1,859","2,179","2,469","2,782","3,122","3,396","3,658","3,953","4,266"
"R0301 禾輋社區會堂","11,486",123,399,"753","1,131","1,515","1,941","2,344","2,703","3,149","3,574","4,059","4,406","4,784","5,283","5,795"
"R0401 浸信會呂明才小學","9,083",156,399,"784","1,165","1,702","2,087","2,552","3,046","3,486","3,897","4,429","4,869","5,378","5,926","6,678"
"R0501 五旬節林漢光中學","8,636",154,396,"778","1,126","1,606","1,933","2,381","2,765","3,178","3,674","4,105","4,465","4,895","5,349","5,998"
"R0601 慈航學校","4,552",47,175,"334","544","807","1,016","1,255","1,487","1,700","1,892","2,095","2,296","2,497","2,741","3,044"
"R0602 富豪花園商場一樓富豪橋有蓋走廊","3,723",66,147,"287","444","641","822","1,032","1,216","1,420","1,628","1,788","2,011","2,191","2,448","2,701"
"R0701 佛教覺光法師中學","10,075",105,450,"769","1,124","1,553","1,900","2,260","2,608","2,997","3,441","3,849","4,258","4,701","5,101","5,553"
"R0801 博康社區會堂","11,621",156,502,"877","1,270","1,764","2,148","2,546","3,048","3,444","3,961","4,448","4,903","5,439","5,799","6,285"
"R0901 沙田圍胡素貞博士紀念學校","10,624",108,394,"769","1,174","1,602","2,055","2,397","2,904","3,340","3,863","4,363","4,829",NA,NA,NA
"R1001 秦石社區會堂","9,161",95,387,"738","1,211","1,678","2,120","2,520","2,942","3,330","3,818","4,292","4,571","4,968","5,479","5,906"
"R1101 新田圍社區會堂","5,885",67,206,"409","701","923","1,123","1,349","1,550","1,756","2,019","2,255","2,462","2,714","2,955","3,210"
"R1201 九龍城浸信會禧年 (恩平) 小學","11,549",106,381,"768","1,201","1,743","2,192","2,657","3,163","3,656","4,200","4,710","5,265","5,776","6,372","7,130"
"R1301 香港中文大學校友會聯會張煊昌學校","3,185",35,101,"211","353","510","670","771","909","1,044","1,178","1,340","1,530","1,651","1,848","2,052"
"R1302 顯徑體育館","8,410",120,277,"556","833","1,142","1,473","1,779","2,106","2,429","2,805","3,171","3,542","3,856","4,233","4,709"
"R1401 美田社區會堂","8,378",58,261,"480","760","1,104","1,366","1,696","1,973","2,246","2,604","2,922","3,292","3,676","4,073","4,554"
"R1501 東莞工商總會劉百樂中學","5,483",66,175,"370","603","844","1,089","1,368","1,620","1,920","2,184","2,489","2,781","3,076","3,329","3,909"
"R1601 顯徑鄰里社區中心","12,140",161,415,"903","1,198","1,683","2,122","2,521","2,933","3,493","4,016","4,524","5,048","5,487","6,049","6,685"
"R1602 才俊學校","1,979",40,108,"199","272","385","446","446","634","735","852","987","1,072","1,206","1,321","1,479"
"R1701 隆亨社區中心","8,695",83,289,"582","838","1,193","1,502","1,824","2,163","2,548","2,903","3,270","3,591","3,923","4,279","4,691"
"R1801 東莞工商總會張煌偉小學","9,811",111,353,"680","1,027","1,414","1,414","2,155","2,534","2,923","3,336","3,744","4,130","4,558","5,016","5,542"
"R1901 佛教黃允畋中學","10,471",144,414,"854","1,341","1,719","2,099","2,531","2,966","3,436","3,941","4,425","4,825","5,228","5,649","6,298"
"R1902 大圍村村公所","1,857",20,70,"124","190","268","345","420","487","587","668","746","850","925","1,018","1,108"
"R2001 樂道中學","7,335",70,261,"501","784","1,078","1,360","1,694","2,016","2,339","2,722","3,102","3,384","3,741","4,133","4,568"
"R2002 基督教香港信義會沙田信義幼稚園","919",6,29,"72","113","140","203","246","272","319","358","406","457","4,342","4,744","5,434"
"R2101 保良局蕭漢森小學","8,074",90,308,"610","859","1,237","1,737","2,038","2,455","2,780","3,269","3,563","3,893","4,112","4,486","5,089"
"R2201 賽馬會體藝中學","7,925",101,252,"460","766","1,119","1,449","1,816","2,171","2,576","2,985","3,364","3,737",NA,NA,NA
"R2301 香港中文大學富爾敦樓","1,699",16,50,"123","223","319","376","474","544","609","677","768","851",NA,NA,NA
"R2302 仁愛堂香港台山商會長者活動中心","4,683",36,150,"327","523","779","990","1,233","1,422","1,670","1,908","2,137","2,380",NA,NA,NA
"R2401 宣道會台山陳元喜小學","11,573",125,411,"764","1,226","1,717","2,257","2,795","3,212","3,703","4,368","4,940","5,425",NA,NA,NA
"R2501 香港中文大學校友會聯會陳震夏中學","12,282",144,411,"892","1,338","1,924","1,924","3,033","3,526","4,089","4,706","5,283","5,889",NA,NA,NA
"R2601 香港道教聯合會純陽小學","9,437",172,433,"764","1,225","1,687","1,687","2,605","3,030","3,514","3,984","4,465","4,922","5,390","5,904","6,585"
"R2801 明愛馬鞍山中學","13,493",143,418,"883","1,466","2,157","2,678","3,260","3,786","4,418","5,045","5,731","6,374","6,999","7,807","8,770"
"R2901 利安社區會堂","15,115",206,525,"1,130","1,762","2,352","3,076","3,649","4,210","4,949","5,713","6,367","7,050","7,783","8,660","9,854"
"R3001 吳氏宗親總會泰伯紀念學校","6,993",86,263,"500","768","1,049","1,325","1,639","1,938","2,277","2,569","2,865","3,192","3,510","3,908","4,471"
"R3002 東華三院黃鳳翎中學","3,782",47,161,"278","441","627","778","982","1,178","1,361","1,549","1,807","2,000","2,252","2,491","2,757"
"R3101 保良局莊啟程小學","13,495",112,439,"764","1,193","1,536","2,194","2,749","3,282","3,851","4,432","5,036","5,604","6,244","6,944","7,688"
"R3201 馬鞍山聖若瑟小學","9,383",84,272,"543","891","1,220","1,520","1,843","2,155","2,513","2,870","3,224","3,596","3,982","4,447","4,949"
"R3202 恒安社區中心","6,009",72,241,"430","641","888","1,110","1,346","1,574","1,836","2,117","2,384","2,603","2,831","3,119","3,467"
"R3301 德信中學","9,991",154,341,"695","1,098","1,577","2,159","2,605","2,917","3,443","3,855","4,361","4,864","5,401","6,015","6,913"
"R3401 聖公會馬鞍山主風小學","10,659",97,280,"626","1,026","1,445","1,903","2,278","2,689","3,156","3,625","4,149","4,630","5,093","5,655","6,386"
"R3402 基督教香港信義會馬鞍山信義學校","2,702",23,111,"221","301","409","502","604","671","758","884","974","1,062","1,180","1,281","1,391"
"R3501 林大輝中學","9,837",100,320,"577","1,041","1,427","1,835","2,470","2,840","3,306","3,306","4,064","4,569","4,989","5,628","6,366"
"R3601 路德會梁鉅鏐小學","6,595",110,252,"454","736","1,056","1,396","1,730","2,095","2,457","2,789","3,099","3,497","3,887","4,306","4,947"
"R3602 香港浸會大學附屬學校王錦輝中小學","2,219",46,104,"178","253","348","443","531","598","670","752","837","925",NA,NA,NA
"R3701 世界龍岡學校黃耀南小學","10,493",164,387,"824","1,218","1,652","2,108","2,609","3,132","3,604","4,115","4,598","5,084","5,539","6,048","6,838"
"R3801 廣源社區會堂","9,203",105,341,"633","990","1,381","1,755","2,107","2,438","2,800","3,166","3,589","3,925","4,333","4,737","5,183"
"S0101 中華傳道會許大同學校","9,738",152,398,"741","1,165","1,605","1,947","2,366","2,712","3,097","3,486","4,000","4,327","4,717","5,109","5,577"
"S0201 基督教香港信義會葵盛信義學校","14,268",141,485,"1,015","1,556","2,058","2,494","3,070","3,593","4,145","4,702","5,275","5,825","6,387","7,052","7,817"
"S0301 仁愛堂彭鴻樟幼稚園","6,276",104,280,"504","776","1,035","1,306","1,545","1,791","2,058","2,329","2,620","2,852","3,119","3,407","3,681"
"S0401 佛教林炳炎紀念學校(香港佛教聯合會主辦)","9,366",121,509,"839","1,120","1,465","1,803","2,274","2,537","2,885","3,267","3,643","3,981","4,301","4,697","5,118"
"S0501 中華基督教會全完中學","8,708",68,319,"567","896","1,175","1,493","1,774","2,078","2,394","2,731","3,116","3,436","3,838","4,287","4,840"
"S0601 中華基督教會全完幼稚園","6,106",97,277,"519","743","944","1,181","1,407","1,617","1,861","2,085","2,314","2,548","2,808","3,151","3,428"
"S0602 聖公會林護紀念中學","3,611",28,96,"203","316","450","557","669","793","924","1,065","1,224","1,337","1,480","1,653","1,827"
"S0701 聖公會主愛小學","11,554",124,465,"866","1,314","1,806","2,265","2,665","3,106","3,541","4,027","4,514","4,862","5,349","5,349","6,483"
"S0801 慈幼葉漢小學","9,446",154,368,"672","1,025","1,383","1,816","2,136","2,454","2,816","3,228","3,664","3,917","4,272","4,660","5,148"
"S0901 石籬 (一) 邨室內活動室","9,579",98,320,"653","1,083","1,439","1,821","2,148","2,464","2,876","3,251","3,668","4,026","4,444","4,822","5,316"
"S1001 石籬社區會堂","12,891",143,478,"933","1,344","1,928","2,338","2,731","3,221","3,621","4,152","4,625","5,260","5,673","6,190","6,736"
"S1101 香港道教聯合會圓玄學院第一中學","9,006",129,361,"627","976","1,325","1,651","2,071","2,547","2,899","3,237","3,565","3,859",NA,NA,NA
"S1201 佛教林金殿紀念小學","10,513",108,409,"784","1,244","1,687","2,104","2,469","2,867","3,316","3,798","4,258","4,659","1,513","1,673","1,884"
"S1301 華景山莊北停車場地下會議室","2,703",43,121,"198","351","512","616","717","866","990","1,138","1,265","1,370","515","563","600"
"S1302 迦密愛禮信中學","1,067",23,47,"99","152","199","240","279","314","344","398","449","483","1,921","2,120","2,340"
"S1303 東華三院高可寧紀念小學","4,940",59,148,"284","481","647","798","913","1,053","1,192","1,361","1,525","1,672","3,883","4,256","4,656"
"S1401 中華基督教會基真小學","7,840",113,296,"601","941","1,237","1,537","1,912","2,257","2,560","2,935","3,275","3,571","4,617","5,072","5,498"
"S1501 香港四邑商工總會陳南昌紀念中學","8,458",161,486,"882","1,247","1,704","2,167","2,563","2,868","3,250","3,506","3,986","4,347","3,537","3,882","4,250"
"S1601 葵芳社區會堂","6,594",108,303,"572","888","1,205","1,496","1,756","2,057","2,347","2,643","2,959","3,236",NA,NA,NA
"S1701 荔景社區會堂","8,221",77,260,"555","865","1,132","1,429","1,711","1,988","2,273","2,593","2,892","3,178","3,498","3,847","4,279"
"S1801 葵盛社區會堂","10,716",131,402,"747","1,224","1,612","1,969","2,414","2,743","3,122","3,557","3,956","4,311","4,783","5,258","5,763"
"S1901 地利亞(閩僑)英文小學","7,983",88,272,"498","765","1,013","1,268","1,577","1,847","2,175","2,470","2,854","3,104","3,490","3,863","4,296"
"S1902 中華基督教會燕京書院","8,817",83,287,"566","937","1,296","1,660","2,130","2,481","2,876","3,313","3,710","4,123","4,556","5,062","5,753"
"S2001 聖公會青衣邨何澤芸小學","8,135",121,355,"595","1,019","1,397","1,837","2,191","2,613","3,035","3,523","3,905","4,290","4,636","5,056","5,652"
"S2101 荃灣商會學校","10,587",89,331,"659","1,033","1,472","1,852","2,304","2,675","3,087","3,486","3,908","4,372","4,779","5,301","6,009"
"S2201 東華三院吳祥川紀念中學","2,376",26,84,"160","259","384","502","593","694","779","874","1,002","1,105","1,200","1,364","1,519"
"S2202 保良局世德小學","9,516",150,410,"761","1,201","1,605","2,145","2,581","3,056","3,552","4,016","4,434","4,905","5,440","5,945","6,594"
"S2301 長青社區中心","4,817",53,169,"320","504","700","964","1,020","1,151","1,315","1,472","1,644","1,813","1,950","2,135","2,316"
"S2302 美景花園自修室","5,826",91,199,"397","620","859","1,073","1,303","1,523","1,741","1,988","2,197","2,430","2,702","2,999","3,376"
"S2401 青衣商會小學","6,864",103,292,"583","856","1,089","1,340","1,500","1,709","1,947","2,181","2,381","2,629","2,845","3,072","3,272"
"S2402 青衣商會幼稚園","4,463",81,210,"364","562","760","947","1,160","1,330","1,503","1,681","1,876","2,055","2,240","2,465","2,707"
"S2501 樂善堂梁植偉紀念中學","7,616",161,371,"675","1,042","1,346","1,634","1,871","2,136","2,426","2,741","3,008","3,270","3,558","3,850","4,171"
"S2601 藍澄會","1,674",18,68,"119","186","246","318","403","478","564","671","755","829","932","1,097","1,197"
"S2602 聖公會青衣主恩小學","6,930",81,295,"544","751","1,012","1,217","1,401","1,608","1,831","2,051","2,267","2,546","2,845","3,217","3,627"
"S2701 長亨社區會堂","10,186",160,517,"903","1,386","1,771","2,144","2,518","2,898","3,329","3,730","4,174","4,598","5,036","5,553","6,054"
"S2801 長發社區中心","7,329",117,281,"578","849","1,144","1,428","1,756","2,027","2,356","2,619","2,891","3,138","3,447","3,866","4,247"
"S2901 中華傳道會呂明才小學","9,837",160,438,"715","1,128","1,509","1,837","2,143","2,493","2,866","3,225","3,583","3,961","4,324","4,764","5,225"
"T0101 中華基督教會大澳小學","1,816",43,134,"227","291","337","383","444","490","532","595","660","744",NA,NA,NA
"T0102 沙螺灣鄉公所","72",1,3,"4","4","9","9","12","12","18","19","20","20",NA,NA,NA
"T0103 大澳䃟頭村村公所","41",0,1,"3","8","11","11","12","13","15","16","18","18",NA,NA,NA
"T0104 醫療輔助隊東涌訓練中心","881",7,22,"44","81","116","143","175","199","227","265","294","321","345","387","407"
"T0105 牛牯塱三鄉合作社","64",0,4,"14","21","26","27","28","28","28","28","29","29","29","30","30"
"T0106 寶蓮禪寺大澳廳","45",0,2,"7","10","10","10","10","10","10","11","13","13","14","14","14"
"T0107 梅窩體育館","2,799",25,105,"223","341","453","533","638","744","843","949","1,061","1,164","1,250","1,376","1,492"
"T0108 塘福鄉公所","411",8,15,"32","38","40","50","60","73","83","105","118","149","162","199","212"
"T0109 杯澳公立學校","971",26,44,"78","99","130","166","200","247","278","307","357","406","436","474","494"
"T0201 東涌天主教學校","9,127",107,297,"515","883","1,132","1,381","1,707","1,968","2,279","2,611","3,035","3,303","3,688","4,192","4,648"
"T0301 香港教育工作者聯會黃楚標學校","11,356",96,257,"562","888","1,248","1,565","1,928","2,311","2,712","3,166","3,633","4,019","4,477","4,963","5,629"
"T0401 東涌社區會堂","7,764",93,276,"529","885","1,267","1,634","1,947","2,312","2,684","3,058","3,411","3,735","4,025","4,438","4,868"
"T0501 香港教育工作者聯會黃楚標中學","10,789",138,368,"698","1,140","1,585","1,987","2,389","2,750","3,156","3,600","4,080","4,511","4,991","5,459","6,006"
"T0601 愉景灣社區會堂","4,464",39,88,"196","369","529","751","943","1,138","1,349","1,559","1,694","1,906","2,104","2,285","2,488"
"T0701 坪洲體育館","3,697",56,183,"347","549","702","832","967","1,092","1,252","1,373","1,508","1,652","1,794","2,009","2,138"
"T0801 南丫島北段鄉事委員會","2,194",74,167,"368","368","454","533","618","698","780","870","955","1,039","1,111","1,197","1,251"
"T0802 索罟灣普通科門診診所","207",3,8,"27","33","42","48","55","66","77","89","95","100",NA,NA,NA
"T0901 佛教慧因法師紀念中學","4074",56,162,"281","413","555","665","794","891","1014","1164","1272","1409","1617","1795","1919"
"T0902 明愛陳震夏郊野學園(聖保祿校舍)","2139",20,151,"229","229","304","374","454","516","569","624","688","751","857","965","1036"
"T1001 長洲體育館","2418",24,93,"151","250","330","412","495","573","647","732","803","885","964","1056","1139"
"T1002 國民學校","3261",75,247,"388","502","620","626","731","731","880","962","1051","1145","1259","1377","1460"
