sname,c1,c2,c3,c4,c5,c6,c7,c8,c9,c10,c11,c12,c13,c15,c16,c17
A0101 專業聯合中心,3428,40,114,223,374,537,707,866,1014,1175,1331,1474,1618,1755,1920,2032
A0102 香港公園體育館,4973,52,131,261,467,663,841,1025,1243,1501,1730,1975,2193,2355,2580,2834
A0201 高主教書院,7266,86,313,771,771,1121,1421,1734,1989,2351,2748,3203,3447,3807,4313,4767
A0301 香港真光幼稚園(堅道),4414,44,163,329,506,678,885,1169,1308,1489,1705,1905,2111,2317,2521,2805
A0302 食物環境衛生署食物安全中心(醫院道辦事處),1750,17,56,108,174,245,327,396,469,567,661,748,823,895,987,1056
A0401 德瑞國際學校山頂校舍,1191,22,35,62,106,175,228,271,303,365,421,490,545,584,643,703
A0501 西營盤社區綜合大樓社區會堂,7591,112,251,507,820,1153,1527,1936,2314,2719,3093,3412,3785,3785,4492,4959
A0601 香港基督教女青年會西環綜合社會服務處,7094,113,327,634,928,1257,1604,1913,2218,2549,2854,3130,3443,3814,4210,4555
A0701 士美非路體育館,9112,190,496,868,1211,1557,1998,2358,2721,3060,3528,3920,4308,4704,5213,5641
A0801 堅尼地城社區綜合大樓 (綜合用途室),7619,114,327,600,970,1376,1674,2046,2434,2778,3159,3448,3763,4135,4558,4926
A0901 維多利亞（寶翠園）幼稚園,9778,96,341,659,945,1313,1607,1935,2250,2569,2949,3336,3751,4133,4520,5892
A1001 石塘咀體育館,9938,178,419,699,1186,1460,1813,2147,2147,2907,3385,3782,4152,4400,4979,5770
A1101 中西區及離島區社會保障辦事處,4907,74,210,358,548,748,960,1156,1377,1578,1751,1948,2144,2349,2540,2721
A1102 中山紀念公園體育館,2327,51,105,161,254,339,416,495,573,663,766,853,933,1038,1140,1231
A1201 上環郵政局,5315,59,196,382,620,863,1111,1362,1594,1858,2092,2357,2570,2784,3029,3219
A1301 新會商會學校,1991,42,89,158,237,315,392,471,558,648,764,845,926,997,1085,1158
A1302 聖公會聖馬太小學,4532,52,163,335,554,748,987,1198,1428,1644,1816,1974,2187,2380,2559,2752
A1401 基督教香港崇真會救恩堂及救恩學校,6583,114,287,533,833,1183,1443,1443,1987,2289,2494,2789,3122,3435,3863,4131
A1501 李陞小學,5166,75,251,400,646,889,1138,1368,1583,1819,2007,2195,2441,2677,2988,3288
B0101 軒尼詩道官立小學,5521,48,185,365,607,826,1083,1302,1544,1816,2036,2239,2424,2642,2834,3020
B0201 鄧肇堅維多利亞官立中學,5057,70,193,372,554,782,979,1191,1435,1643,1893,2172,2369,2478,2642,2813
B0301 前灣仔學校,7332,0,261,490,673,1162,1362,1362,1886,2180,2757,3069,3069,3616,3787,4031
B0401 皇仁書院,8029,86,253,498,828,1147,1522,1809,2194,2541,2928,3338,3636,3991,4400,4835
B0501 港島兒童蒙特梭利學校,1491,19,62,108,184,272,343,410,488,558,635,700,775,826,900,989
B0502 勵德邨邨榮樓有蓋停車場,4252,78,243,418,628,776,962,1162,1372,1551,1684,1874,2105,2253,2426,2595
B0601 灣仔區文娛康樂體育會,5046,49,143,255,455,644,811,1001,1173,1420,1614,1820,1988,2144,2346,2549
B0701 港灣婦女會,5756,67,192,393,609,840,1091,1342,1558,1773,2066,2372,2632,2899,3133,3586
B0801 中華基督教會公理高中書院,6060,70,182,356,650,929,1162,1413,1709,2032,2256,2589,2910,3203,3490,3863
B0901 禮頓山社區會堂,5438,54,163,312,522,738,991,1315,1647,1907,2152,2442,2641,2928,3224,3627
B1001 黃泥涌體育館,5202,68,225,345,546,796,1043,1250,1497,1722,1965,2186,2377,2604,2846,3113
B1101 寶血小學,1186,32,58,100,152,228,293,331,377,435,498,541,582,627,709,759
B1102 香港青少年服務處成和青少年中心,1742,36,63,95,163,211,294,369,461,562,628,702,759,827,909,986
B1201 灣仔郵政局,4718,70,183,337,528,725,940,1147,1343,1576,1755,1955,2162,2381,2602,2823
B1301 循道衛理中心,4801,83,216,386,629,869,1061,1233,1428,1633,1830,2023,2203,2404,2623,2769
C0101 東區少年警訊會所,8948,97,288,537,805,1057,1343,1611,1939,2200,2529,2827,3116,3461,3822,5529
C0201 聖安娜中英文幼稚園,5092,69,197,336,528,730,954,1137,1362,1583,1848,2076,2310,2570,2827,3343
C0202 太古城郵政局,4946,83,169,323,543,754,1000,1189,1400,1624,1875,2082,2304,2516,2755,3351
C0301 西灣河健康中心,6589,87,128,392,828,1125,1426,1814,2054,2341,2672,2982,3349,3579,3871,4705
C0401 中華基督教會基灣小學 (愛蝶灣),11461,153,397,774,1213,1725,2159,2612,3103,3590,4119,4577,5000,5510,6044,6679
C0501 筲箕灣郵政局,5720,85,225,401,632,867,1188,1424,1721,1998,2198,2509,2740,3000,3300,3548
C0601 愛秩序灣官立小學,5799,66,166,347,589,810,1022,1222,1518,1764,1998,2233,2494,2772,3109,3466
C0602 筲箕灣官立小學,6096,88,281,520,785,1067,1306,1566,1781,2036,2297,2533,2761,3012,3245,3446
C0701 嶺南中學,10859,132,397,786,1195,1834,2321,2957,3486,4099,4705,5278,5880,6471,7059,8192
C0801 聖公會李福慶中學,8217,156,356,642,902,1261,1592,1944,2272,2611,2990,3320,3657,3969,4387,4731
C0901 福建中學 (小西灣),9351,96,246,531,926,1377,1778,2198,2657,3181,3664,4109,4544,4921,5362,6148
C1001 小西灣社區會堂,10342,114,337,683,1051,1444,1846,2319,2679,3125,3595,4049,4644,5111,5444,5885
C1101 嶺南衡怡紀念中學,11300,191,487,868,1315,1830,2304,2763,3236,3768,4366,4849,5353,5807,6431,7086
C1201 救世軍中原慈善基金學校,8549,114,287,601,877,1190,1492,1798,2182,2558,2838,3168,3505,3847,4189,4580
C1301 文理書院 (香港),9180,126,391,686,1096,1457,1760,2117,2461,2819,3155,3517,3783,4150,4445,4773
C1401 鰂魚涌體育館,10450,172,431,792,1212,1619,1993,2448,2876,3316,3776,4270,4698,5213,5659,6090
C1501 閩僑中學,7007,96,273,459,742,1077,1349,1719,1987,2419,2786,3137,3506,3806,4195,4726
C1601 金文泰中學,6418,106,248,478,740,1077,1324,1603,1937,2267,2603,2905,3191,3478,3771,4226
C1701 銅鑼灣社區中心,4185,61,175,304,529,730,892,1084,1267,1459,1629,1808,2008,2192,2372,2569
C1801 渣華道體育館,10217,167,433,779,1188,1593,1916,2313,2678,3122,3568,3914,4282,4762,5174,5540
C1802 顯理中學,13068,218,583,1103,1686,2308,2865,3476,4126,4814,5428,5992,6563,7186,7840,8390
C1901 北角衞理小學,5024,52,203,350,549,763,1017,1231,1490,1752,1969,2206,2483,2724,2949,3197
C2001 香港遊樂場協會賽馬會北角港運城青少年綜合服務中心,3286,47,136,288,438,597,749,934,1115,1272,1447,1577,1757,1931,2094,2265
C2101 啟基學校 (港島),9361,144,300,682,1125,1633,2057,2057,2057,3614,4000,4441,4768,5204,5676,6108
C2201 丹拿山循道學校,4867,51,202,379,658,859,1138,1367,1625,1811,2016,2197,2391,2576,2775,3020
C2301 北角官立小學,6290,111,258,497,803,1077,1338,1593,1878,2166,2432,2668,2922,3231,3509,3786
C2401 鰂魚涌社區會堂,8623,109,478,790,1199,1683,2151,2520,2970,3532,3947,4303,4721,5134,5550,5941
C2501 佛教中華康山學校,5578,98,232,232,876,1242,1547,1702,2063,2319,2560,2888,3170,3440,3852,4161
C2601 太古小學,9730,132,328,676,1101,1745,2183,2794,3277,3632,4164,4715,5102,5632,6153,6870
C2701 青松興東幼稚園,6175,93,253,486,718,967,1157,1407,1723,1988,2255,2492,2773,3030,3351,3681
C2702 伊斯蘭徐錦享紀念幼稚園,6365,85,222,471,705,934,1143,1448,1719,1986,2243,2465,2793,3062,3347,3805
C2801 西灣河體育館,11762,150,466,823,1421,1889,2404,2869,3419,3948,4472,4980,5548,6059,6607,7199
C2901 勵志會梁李秀娛紀念小學,7492,88,281,523,831,1177,1443,1732,2011,2328,2634,2962,3274,3600,3956,4275
C2902 筲箕灣街坊福利事務促進會有限公司,3750,60,166,300,441,651,824,1008,1189,1370,1546,1708,1872,2084,2284,2447
C3001 循道愛華村服務中心社會福利部 - 愛華青少年綜合服務隊 (耀東服務處),5615,79,211,376,616,838,1059,1249,1445,1705,1946,2178,2411,2665,2916,3306
C3101 粵南信義會腓力堂興民幼兒學園,4886,66,175,338,521,754,918,1114,1311,1515,1690,1894,2062,2300,2499,2705
C3102 路德會聖雅各幼稚園,4973,136,236,364,563,776,922,1093,1263,1453,1595,1887,2064,2285,2529,2741
C3201 天主教明德學校,6836,88,238,509,768,1131,1354,1658,2052,2387,2646,2953,3187,3462,3863,4232
C3301 柴灣母嬰健康院,4090,67,182,306,487,717,875,1123,1329,1549,1783,1954,2135,2321,2543,2780
C3401 漁灣社區會堂,12587,145,480,942,1514,2026,2563,3056,3612,4248,4940,5445,5932,6425,7051,7579
C3501 香港中華基督教青年會 - 柴灣會所,6207,102,235,421,641,868,1106,1309,1548,1821,2077,2334,2555,2835,3127,3520
D0101 香港仔體育館,10460,173,401,744,1195,1543,2051,2371,2762,3242,3657,3966,4527,4999,5536,6540
D0201 鴨脷洲社區會堂,8490,151,367,704,1034,1395,1603,1891,2161,2494,2494,3132,3401,3755,4037,4311
D0301 鴨脷洲體育館,6015,73,250,460,734,1011,1304,1614,1797,2082,2329,2573,2851,3129,3496,3821
D0401 聖伯多祿天主教小學,10188,148,346,671,1023,1405,1762,2202,2538,2944,3352,3817,4225,4652,5110,5616
D0501 利東社區會堂,9006,108,389,713,1021,1309,1603,1898,2183,2551,2870,3198,3550,3888,4275,4625
D0601 香港南區官立小學,7751,130,342,637,1080,1505,1872,2248,2565,3070,3524,3928,4328,4708,5258,5813
D0701 海怡社區中心,8569,118,374,688,1074,1545,1993,2467,2942,3389,3803,4265,4764,5201,5877,6528
D0801 華貴社區會堂,10887,110,398,763,1211,1595,1926,2336,2701,3178,3605,4112,4540,4926,5451,6009
D0901 明愛莊月明中學,7650,109,348,609,909,1153,1382,1640,1895,2163,2439,2736,3031,3362,3583,3867
D1001 東華三院鶴山學校,8718,127,317,675,888,1163,1445,1751,2056,2341,2699,3019,3341,3649,3995,4333
D1101 沙宣道會堂,1515,25,44,87,132,189,240,301,351,438,512,574,613,674,737,804
D1102 上碧瑤灣遊樂場,2310,30,79,142,239,325,422,532,625,729,891,993,1113,1248,1385,1509
D1103 數碼港郵政局,2071,38,87,184,279,389,484,592,726,844,959,1048,1130,1239,1352,1444
D1201 展亮技能發展中心 (薄扶林),778,10,29,55,71,97,114,131,154,187,210,248,270,300,320,367
D1202 置富南區會堂,8492,207,491,815,1216,1698,2058,2481,2902,3264,3672,4112,4556,4930,5362,5961
D1301 明愛賽馬會香港仔服務中心,2319,36,70,119,221,293,389,468,574,668,767,859,969,1066,1208,1322
D1302 聖公會田灣始南小學,6764,102,307,458,721,926,1141,1357,1550,1789,2031,2317,2552,2860,3161,3380
D1401 香港仔聖伯多祿天主教小學,11369,123,371,700,1051,1384,1769,2100,2100,2977,3385,3668,3963,4378,4887,5604
D1501 香港仔網球及壁球中心,2638,21,91,178,289,386,499,618,720,836,948,1043,1164,1285,1416,1577
D1502 南區長者地區中心,6261,219,301,501,705,955,1231,1441,1701,2015,2311,2626,2915,3160,3498,3944
D1601 黃竹坑體育館,1733,34,51,120,189,254,323,369,438,521,615,704,784,824,883,963
D1602 香港國際學校,2049,33,78,138,222,326,380,443,529,631,725,821,906,986,1090,1179
D1701 赤柱社區會堂,6472,138,322,557,806,1064,1296,1548,1755,1995,2216,2472,2729,2991,3214,3549
D1702 石澳健康院,1208,17,48,100,170,248,301,374,438,438,464,506,556,608,678,744
E0101 仁愛堂陳鄭玉而幼稚園,4259,62,157,294,521,718,927,1129,1362,1591,1751,1936,2122,2538,2615,2896
E0201 九龍公園體育館,12048,151,348,703,1061,1401,1800,2237,2681,3066,3567,3981,4439,4775,5259,5659
E0401 梁顯利油麻地社區中心,7837,107,293,521,841,1159,1496,1734,2078,2422,2758,3019,3349,3678,3997,4427
E0501 油蔴地天主教小學(海泓道),13549,197,523,907,1396,1922,2491,3042,3605,4200,4746,5326,5969,6462,7164,8390
E0601 旺角社區會堂,5906,71,175,362,570,757,955,1153,1318,1557,1745,1969,2164,2337,2521,2678
E0701 明我幼稚園（奧運校）,5732,79,252,516,749,931,1133,1307,1515,1712,1951,2152,2392,2656,2889,3134
E0801 香港保護兒童會中銀幼兒學校,5473,43,185,365,598,837,1103,1454,1717,1976,2262,2549,2819,3110,3388,3832
E0901 路德會沙崙學校,5509,88,227,408,639,860,1108,1356,1562,1826,2033,2249,2472,2730,3004,3236
E1001 大角嘴天主教小學,6574,98,253,489,713,1072,1185,1434,1696,1957,2267,2580,2847,3145,3438,3746
E1101 中華基督教會基全小學,7741,125,326,623,985,1280,1549,2002,2326,2698,3086,3511,3782,4149,4527,4868
E1201 鮮魚行學校,7557,113,274,494,785,1100,1394,1674,1993,2302,2639,2943,3238,3535,3805,4093
E1301 聖公會基榮小學,6365,96,241,441,670,896,1108,1364,1635,1892,2128,2370,2591,2824,3044,3273
E1401 界限街一號體育館,6163,102,277,499,730,987,1247,1503,1729,1998,2252,2491,2729,3001,3268,3578
E1501 優才(楊殷有娣)書院,5560,59,183,365,585,792,960,1155,1393,1620,1848,2048,2222,2419,2600,2838
E1601 東華三院羅裕積小學,5324,70,214,400,578,799,966,1172,1411,1612,1864,2037,2274,2468,2693,2931
E1701 油蔴地街坊會學校,3043,45,114,239,373,540,637,772,955,1099,1212,1324,1546,1661,1819,1955
E1702 香港理工大學紅磡灣校園,568,6,21,40,63,98,116,145,179,202,226,255,283,301,323,340
E1901 佐敦道官立小學,10752,125,337,716,1032,1460,1875,2266,2687,3149,3611,3989,4431,4739,5072,5479
F0101 保安道體育館,7631,95,269,528,774,1078,1456,1764,2077,2430,2751,3102,3416,3660,4004,4402
F0201 福榮街官立小學,6824,73,223,469,686,1015,1379,1687,1982,2321,2603,2928,3202,3536,3912,4293
F0301 英華女學校,5870,63,212,423,624,872,1038,1297,1540,1762,1984,2172,2378,2606,2878,3156
F0401 石硤尾社區會堂,10482,129,432,870,1322,1703,2091,2529,2906,3342,3713,4135,4549,4903,5358,5817
F0501 基督教香港崇真會安康幼兒學校,6444,83,241,483,760,1020,1213,1464,1729,2001,2248,2483,2733,3015,3330,3623
F0601 深水埔街坊福利事務促進會,6445,87,253,461,697,932,1113,1393,1634,1934,2181,2422,2623,2856,3150,3398
F0701 北河街體育館,4986,78,201,350,549,748,921,1105,1265,1447,1631,1824,1985,2155,2337,2495
F0801 南昌社區中心,7720,96,251,467,720,973,1217,1488,1742,2036,2311,2579,2944,3240,3671,3943
F0901 英華書院,11250,168,457,457,1339,1611,2037,2336,2731,3127,3590,4030,4510,4967,5647,6173
F1001 麗閣社區會堂,9105,104,357,669,1055,1445,1782,2294,2521,2906,3262,3681,3938,4310,4662,5082
F1101 旅港開平商會學校,6125,134,360,573,793,1056,1245,1453,1777,2019,2234,2482,2725,2971,3299,3559
F1201 聖公會聖馬利亞堂莫慶堯中學,10722,162,433,817,1192,1615,1997,2485,3082,3082,3082,4696,4919,5453,5840,6516
F1301 美孚新邨孚佑堂,8730,101,315,614,1007,1375,1854,2288,2703,3157,3621,4011,4430,4818,5369,5933
F1401 博愛醫院美孚荔灣街坊會梁之潛伉儷長者健康支援及進修中心,7442,107,288,548,890,1231,1563,1945,2293,2738,3064,3413,3783,4090,4468,4971
F1501 荔枝角公園體育館,8175,143,353,668,1086,1504,1831,2237,2652,3070,3455,3854,4182,4556,5013,5520
F1601 荔枝角社區會堂,7565,95,267,534,960,1287,1683,1683,3366,3366,3599,4037,4343,4845,5289,5833
F1701 五邑工商總會學校,4583,82,215,390,590,769,936,1140,1317,1527,1745,1922,2127,2305,2540,2753
F1801 長沙灣體育館,10420,164,512,970,1459,1854,2258,2673,3084,3463,3829,4200,4587,4932,5328,5791
F1901 長沙灣社區中心,9260,116,388,716,1064,1440,1761,2157,2523,2906,3343,3578,3962,4312,4727,5092
F2001 白田社區會堂,7895,91,261,564,784,1097,1321,1625,1880,2195,2477,2751,3055,3394,3719,4072
F2101 聖母玫瑰書院,5918,82,202,394,610,846,1166,1445,1716,2006,2297,2530,2871,3165,3517,3987
F2201 大坑東社區中心,8996,126,336,722,1080,1439,1719,2027,2438,2805,3196,3562,3980,4297,4682,5062
F2301 白田天主教小學,3797,35,139,281,411,524,639,770,924,1105,1249,1405,1589,1769,1926,2076
F2302 香港城市大學澤安中心,4597,74,213,369,529,728,909,1064,1261,1457,1655,1872,2057,2257,2444,2811
G0101 馬頭涌官立小學,9364,104,351,696,1080,1483,1859,2183,2543,2988,3399,3748,4166,4607,5059,5477
G0201 土瓜灣體育館,13250,197,589,1115,1694,2193,2640,3219,3783,4367,4914,5313,6038,6532,7006,7738
G0301 保良局林文燦英文小學,9598,170,434,870,1146,1525,1904,2218,2590,2947,3398,3890,4248,4602,5064,5522
G0401 獻主會聖馬善樂小學,8762,85,335,335,1086,1438,1729,2104,2462,2848,3244,3619,3896,4281,4709,5169
G0501 聖文嘉幼稚園,5543,99,265,486,703,935,1143,1326,1503,1727,1955,2174,2388,2612,2799,3055
G0502 循道衛理楊震社會服務處何文田青少年綜合發展中心,4523,86,217,423,611,793,926,1069,1256,1425,1654,1856,2011,2219,2403,2569
G0601 余振強紀念中學,6133,93,267,451,710,1002,1352,1625,1878,2192,2478,2732,3022,3250,3551,3924
G0602 何文田官立中學,3234,47,132,256,398,538,676,818,951,1067,1236,1377,1564,1662,1809,2024
G0701 明愛九龍社區中心,3209,32,99,184,328,485,592,706,832,982,1125,1298,1449,1594,1796,2001
G0702 九龍總商會,4963,74,196,312,550,798,1006,1228,1453,1710,1901,2106,2380,2611,2831,3080
G0801 賽馬會官立中學,6566,92,218,458,706,1028,1295,1514,1795,2079,2366,2734,2982,3255,3578,3882
G0901 九龍塘官立小學,6446,97,228,401,677,981,1250,1555,1848,2156,2500,2819,3009,3268,3599,3919
G0902 九龍方方樂趣幼稚兒園,1016,20,40,66,100,178,215,238,288,338,404,447,486,517,552,599
G1001 九龍城體育館,6025,61,186,393,612,794,983,1187,1397,1634,1839,2060,2290,2513,2739,2921
G1101 聖三一堂小學,6640,66,201,447,716,1002,1174,1515,1790,2078,2392,2623,2875,3060,3435,3717
G1201 保良局溫林美賢耆暉中心,5233,107,249,462,669,852,1021,1219,1379,1605,1802,1992,2192,2401,2643,2859
G1301 佛教陳策文伉儷幼稚園,7791,211,506,824,1181,1475,1654,1956,2189,2520,2813,3078,3418,3698,3990,4325
G1501 基督教香港信義會紅磡信義學校,5341,86,212,444,678,872,1055,1254,1421,1606,1809,1998,2197,2387,2549,2734
G1601 中華基督教會基道中學,5875,85,212,367,585,830,1015,1250,1447,1720,1939,2148,2380,2610,2852,3132
G1701 博愛醫院任永賢夫人幼稚園幼兒中心,4581,54,150,277,461,671,902,1117,1334,1527,1749,1950,2194,2376,2650,3014
G1702 紅磡社區會堂,4290,60,185,335,519,640,803,973,1173,1378,1536,1700,1850,2057,2255,2466
G1801 葛量洪校友會黃埔學校,10228,112,401,740,1158,1621,2126,2806,3148,3744,4289,4757,5314,5766,6291,7202
G1901 馬頭涌官立小學(紅磡灣),3192,42,113,217,383,558,692,865,1042,1222,1378,1531,1698,1838,2054,2233
G1902 香港青少年服務處賽馬會方樹泉綜合青少年服務中心,3157,42,146,283,408,547,723,889,1067,1194,1330,1479,1628,1781,1993,2219
G2001 聖公會聖匠中學,9804,88,311,644,1098,1566,1965,2407,2863,3420,3816,4296,4677,4956,5487,6068
G2101 紅磡市政大廈體育館,8495,116,357,708,1034,1331,1691,1905,2218,2546,2890,3193,3400,3746,4111,4371
G2201 愛培學校,5576,101,267,489,724,933,1217,1384,1657,1958,2246,2440,2645,2841,3118,3362
G2301 何文田體育館,7490,100,274,513,797,1064,1335,1555,1805,2144,2417,2717,3015,3304,3645,3967
G2401 路德會包美達社區中心,10622,106,396,707,1205,1642,2050,2467,3005,3500,3941,4461,4808,5287,5830,6375
H0101 黃大仙社區中心,12292,134,470,916,1361,1882,2290,2812,3290,3783,4304,4775,5240,5602,6123,6651
H0201 聖公會基德小學,10864,120,312,645,1040,1427,1800,2185,2608,3115,3526,3816,4241,4740,5115,5590
H0301 龍翔官立中學,7292,148,385,385,913,1108,1319,1645,1806,2127,2354,2587,2862,3100,3453,3796
H0401 嗇色園西醫診所,6269,95,265,467,719,1001,1407,1726,1726,2175,2175,2857,2857,3296,3640,3873
H0501 鳳德社區中心,12509,100,359,665,1130,1607,2082,2552,2990,3488,4010,4394,4871,5306,5827,6465
H0601 香港小童群益會賽馬會慈雲山青少年綜合服務中心,6417,85,229,446,690,995,1254,1556,1834,2117,2435,2744,3048,3355,3703,4103
H0602 保良局張麥珍耆樂中心,4160,77,195,339,503,663,847,1093,1288,1497,1685,1885,2124,2343,2602,3026
H0701 可立中學(嗇色園主辦),4602,49,197,350,580,772,928,1098,1281,1455,1639,1833,2022,2223,2423,2627
H0702 嘉諾撒小學 (新蒲崗),6042,79,256,469,699,974,1189,1427,1678,1933,2205,2444,2746,3039,3339,3671
H0801 東頭社區中心,10102,136,437,745,1190,1521,1921,2355,2653,3135,3559,3947,4300,4718,5106,5541
H0901 華德學校,5475,147,265,472,631,796,1072,1161,1315,1492,1705,1898,2054,2244,2454,2657
H1001 摩士公園體育館,10968,108,318,606,988,1364,1690,2030,2394,2850,3265,3692,4084,4499,4932,5379
H1101 香港青年協會賽馬會橫頭磡青年空間,5343,72,202,371,583,802,999,1253,1462,1692,1877,2125,2305,2511,2743,2937
H1102 香港傷殘青年協會賽馬會活動中心,5542,72,185,370,538,779,942,1129,1309,1569,1789,2019,2212,2397,2623,2881
H1201 天主教博智小學,5798,109,299,498,789,1022,1282,1546,1797,2096,2340,2616,2875,3159,3461,3750
H1202 潔心林炳炎中學,3958,45,142,302,453,634,780,956,1118,1298,1480,1702,1840,2054,2246,2535
H1301 嗇色園主辦可德幼稚園,4965,49,155,323,493,643,808,1013,1170,1376,1584,1780,1976,2141,2320,2566
H1302 翠竹商場5樓,7190,96,270,524,796,1103,1347,1645,1938,2203,2452,2751,3024,3339,3682,4058
H1401 竹園社區中心,4689,71,220,434,614,794,942,1104,1264,1432,1600,1752,1913,2109,2246,2393
H1402 浸信會天虹小學,3971,58,127,245,408,562,695,858,994,1144,1326,1481,1625,1788,1935,2114
H1501 竹園體育館,11125,127,376,702,996,1384,1762,2214,2559,2985,3487,3810,4224,4664,5089,5671
H1601 慈雲山(南區)社區中心,11622,172,508,861,1254,1693,2029,2421,2823,3262,3779,4202,4609,5140,5636,6163
H1701 肖霞幼稚園,9965,121,366,751,1115,1513,1888,2300,2658,3036,3480,3903,4300,4741,5257,5805
H1801 慈雲山聖文德天主教小學,12237,176,428,839,1198,1641,2092,2548,3004,3500,3956,4325,4915,5397,5977,6583
H1901 德愛中學,11576,109,294,650,1044,1410,1799,2250,2735,3153,3697,4187,4580,5134,5734,6412
H2001 香港海事青年團,4988,116,284,506,734,1009,1221,1480,1699,1960,2202,2423,2647,2846,3050,3326
H2002 香港遊樂場協會賽馬會瓊富青少年綜合服務中心,7456,94,269,611,854,1164,1579,1579,2194,2361,2648,2994,3229,3638,3852,4404
H2101 保良局陳麗玲(百周年)學校,8643,153,373,664,1012,1404,1805,2161,2509,2856,3239,3653,3966,4360,4742,5193
H2201 香港幼稚園協會幼兒學校,7465,64,239,502,797,1064,1325,1587,1859,2139,2445,2717,2991,3272,3580,3906
H2301 彩雲社區中心,7286,114,331,598,765,1103,1324,1614,1887,2226,2484,2770,3036,3429,3707,4063
H2401 佛教孔仙洲紀念中學,6447,76,269,511,837,1164,1468,1801,2079,2348,2649,2979,3237,3504,3851,4184
H2402 中華基督教會基華小學,3488,79,206,336,479,611,727,867,997,1129,1264,1400,1520,1673,1771,1866
H2501 聖公會聖本德中學,8125,102,310,630,962,1239,1529,1797,2153,2427,2802,3096,3401,3885,4098,4364
J0101 觀塘官立小學,3875,45,127,245,384,520,678,871,1039,1198,1353,1532,1664,1807,1980,2110
J0102 觀塘社區中心,3598,56,146,274,397,527,633,764,872,994,1126,1252,1389,1507,1652,1812
J0201 德福花園社區會堂,7005,81,301,607,895,1258,1548,1874,2204,2536,2903,3307,3660,3971,4387,4910
J0301 啟業社區會堂,6762,155,395,720,1005,1265,1449,1755,1993,2286,2530,2802,3021,3232,3465,3676
J0401 仁濟醫院羅陳楚思中學,10318,113,347,726,1217,1647,2045,2525,2907,3372,3823,4289,4741,5191,5721,6396
J0501 坪石天主教小學,7940,47,262,551,900,1247,1499,1775,2094,2407,2737,3086,3325,3630,3860,4211
J0601 佐敦谷聖若瑟天主教小學,8724,105,328,614,962,1292,1595,1883,2187,2500,2836,3145,3475,3827,4169,4471
J0701 香港基督教服務處樂暉長者地區中心,5471,63,202,379,587,752,914,1147,1310,1496,1678,1880,2079,2294,2533,2819
J0702 天主教彩霞邨潔心幼稚園,4136,58,148,293,434,596,727,872,1025,1184,1333,1506,1648,1783,1937,2107
J0801 寧波第二中學,8591,80,294,580,924,1238,1491,1798,2127,2389,2694,3006,3318,3641,3976,4480
J0901 順利社區中心,6203,89,248,441,717,1005,1216,1442,1715,1913,2218,2422,2674,2907,3182,3450
J0902 中華基督教會基順學校,7446,66,224,461,729,1116,1677,1964,2229,2699,2963,3293,3542,3956,4301,4797
J1001 迦密梁省德學校,7177,96,358,611,890,1177,1369,1595,1850,2187,2471,2678,2937,3185,3409,3657
J1101 秀茂坪天主教小學,11346,159,395,828,1229,1711,2044,2390,2781,3249,3654,4070,4476,4948,5514,6109
J1201 基督教聖約教會堅樂小學,9008,93,330,670,1012,1380,1628,1930,2253,2560,2902,3233,3522,3833,4180,4613
J1301 路德會陳蒙恩幼稚園,6587,123,291,544,833,1086,1320,1558,1829,2117,2392,2649,2942,3206,3516,4059
J1302 宣道會秀茂坪陳李詠貞幼稚園,5210,75,189,376,577,763,973,1170,1385,1612,1850,2087,2306,2531,2776,3201
J1401 觀塘官立小學(秀明道),7906,118,310,567,874,1162,1405,1677,1946,2225,2540,2873,3219,3489,3888,4267
J1402 中華傳道會基石堂,2398,31,82,176,259,329,402,467,551,631,735,841,910,1010,1110,1232
J1501 秀明小學,9170,104,397,709,1091,1440,1749,2014,2322,2699,3000,3284,3610,3953,4285,4680
J1601 聖愛德華天主教小學,9425,130,406,740,1117,1493,1857,2207,2537,2938,3344,3713,4005,4345,4764,5087
J1701 藍田聖保祿中學,3541,64,166,315,442,573,707,850,948,1088,1195,1330,1472,1603,1744,1914
J1702 飛雁幼稚園,6833,109,234,531,782,1048,1323,1583,1837,2119,2408,2679,2924,3173,3480,3849
J1801 藍田(東區)社區會堂,9786,138,416,896,1376,1655,2004,2378,2767,3178,3592,3921,4259,4590,4907,5281
J1802 藍田(南)體育館,7983,111,299,532,898,1298,1672,1972,2356,2681,3036,3392,3695,3990,4424,4848
J1901 聖公會李兆強小學,10707,96,338,716,1144,1589,1863,2288,2645,3037,3440,3833,4211,4616,5161,5628
J2001 聖公會慈光堂聖匠幼稚園,5342,66,211,413,669,890,1118,1356,1587,1837,2070,2272,2488,2763,3000,3352
J2101 保良局方王錦全幼稚園,6113,88,232,435,656,851,1098,1296,1527,1764,2011,2240,2497,2772,3005,3650
J2201 中華基督教會基法小學(油塘),8767,119,352,596,871,1133,1450,1756,2050,2382,2731,3050,3379,3733,4100,4480
J2301 油塘社區會堂,11832,164,443,842,1281,1766,2160,2614,3048,3551,4059,4489,4868,5315,5922,6696
J2302 福建中學附屬學校,4935,52,158,362,561,762,1029,1252,1485,1722,1921,2115,2232,2467,2761,3039
J2401 天主教普照中學,8014,82,280,561,840,1135,1370,1655,1939,2282,2592,2855,3158,3457,3760,4186
J2402 鯉魚門體育館,1068,8,49,88,104,160,200,267,313,364,416,458,490,527,553,617
J2501 茜草灣鄰里社區中心,11980,125,414,858,1398,1935,2429,2880,3419,4065,4564,5224,5890,6196,6724,8496
J2601 藍田 (西區) 社區中心,11670,161,448,796,1279,1706,2251,2251,3273,3781,4179,4816,5094,5545,5987,7457
J2701 天主教佑華小學,11958,86,382,789,1239,1667,2047,2653,3024,3313,3785,4153,4596,4975,5386,5871
J2801 觀塘瑪利諾書院,9158,87,274,582,873,1196,1541,1856,2187,2538,2897,3228,3570,3929,4354,4761
J2901 地利亞修女紀念學校 (月華),7213,97,291,595,894,1231,1550,1796,2133,2427,2750,3049,3315,3602,3955,4405
J3001 瑞和街體育館,4527,114,323,509,719,854,971,1125,1268,1425,1570,1748,1878,2037,2177,2302
J3002 曉光街體育館,3720,57,190,304,460,621,798,930,1105,1263,1451,1635,1781,1944,2116,2325
J3101 觀塘功樂官立中學,7720,118,328,673,949,1230,1510,1829,2126,2396,2758,3055,3338,3672,4093,4491
J3201 聖公會基顯小學,8934,157,351,682,999,1333,1593,1944,2238,2568,2907,3262,3587,3894,4252,4630
J3301 循道衛理觀塘社會服務處牛頭角青少年綜合服務中心,8923,140,462,776,1126,1499,1782,2044,2365,2693,3009,3341,3634,3929,4289,4592
J3401 振華道體育館,2278,47,96,187,278,403,489,599,718,824,931,1033,1151,1225,1329,1420
J3402 保良局顧卞裘莉長者日間護理中心,7108,142,336,641,904,1186,1481,1736,2031,2349,2644,2939,3226,3464,3732,4118
J3501 彩頤居禮堂,9574,152,369,697,1063,1408,1754,2161,2416,2746,3095,3416,3720,4067,4516,5424
J3601 聖公會基樂小學,7624,86,266,564,882,1165,1452,1661,1989,2251,2536,2826,3121,3474,3740,4065
J3701 樂華社區中心,6718,116,340,662,1008,1264,1571,1880,2155,2435,2714,2955,3158,3474,3742,3984
K0101 雅麗珊社區中心,5197,53,161,311,547,768,962,1166,1406,1614,1888,2099,2283,2516,2795,3054
K0201 荃灣天主教小學,5242,73,222,451,692,966,1232,1433,1720,1975,2220,2420,2630,3734,4064,4389
K0301 天主教石鐘山紀念小學,11811,132,467,854,1388,1874,2535,2996,3562,4173,4772,5302,6034,3741,4005,4245
K0401 寶安商會王少清中學,7413,168,347,694,1142,1403,1746,1995,2350,2665,2877,3112,3396,6355,6685,7274
K0501 荃灣官立中學,7414,142,436,778,1093,1446,1692,2038,2283,2577,2848,3154,3459,5180,5180,6213
K0601 荃景圍體育館,9758,99,374,685,1179,1970,2518,3221,3633,4204,4653,4653,5630,2945,3264,3638
K0701 柴灣角天主教小學,9929,118,377,846,1250,1724,2094,2522,3032,3409,3802,4302,4788,5180,5180,6213
K0801 中華基督教會基慧小學,5532,82,242,456,718,983,1212,1483,1699,1901,2148,2406,2669,2945,3264,3638
K0802 川龍村公所,399,12,20,43,63,77,95,112,125,140,157,178,192,213,225,244
K0901 荃灣官立小學,10204,115,353,704,1117,1642,2075,2685,3037,3503,4094,4563,4945,5481,6106,6987
K1001 深井天主教小學,11548,422,422,925,1558,2013,2505,3040,3575,4129,4701,5211,5868,6441,7018,8118
K1101 香港浸信會聯會小學,8308,65,262,546,933,1338,1777,2157,2562,3053,3474,3824,4312,4667,5218,5997
K1102 荃灣聖芳濟中學,5733,115,259,504,779,1049,1303,1587,1860,2139,2364,2634,2885,3158,3422,3717
K1201 澳仙納幼稚園舊址,1759,30,61,119,202,314,378,454,537,609,704,799,878,952,1053,1175
K1202 豪景花園遊樂會,2926,49,113,224,329,569,602,748,883,1020,1178,1330,1468,1605,1799,2004
K1301 中華基督教會基慧小學(馬灣),6181,61,196,436,683,960,1233,1486,1735,1983,2282,2597,2926,3270,3632,4479
K1401 蕙荃體育館,10134,98,335,671,1146,1592,2019,2523,2999,3561,4034,4501,4875,5429,5957,6721
K1501 梨木樹社區會堂,7606,134,358,645,960,1227,1473,1778,1995,2316,2595,2904,3200,3516,3892,4212
K1502 河背村村公所,2055,32,75,148,220,312,390,477,554,638,746,861,962,1056,1169,1305
K1601 梨木樹天主教小學,9166,79,247,497,853,1237,1527,1843,2180,2487,2822,3201,3583,3985,4334,4874
K1701 香港道教聯合會圓玄學院石圍角小學,5797,67,267,501,792,1003,1245,1441,1675,1886,2123,2334,2526,2757,2953,3223
K1801 前荃灣信義學校,3935,45,171,306,497,664,822,953,1069,1205,1375,1517,1664,1808,1974,2126
K1802 荃灣公立何傳耀紀念中學,4852,99,348,420,598,794,970,1142,1301,1497,1680,1865,2048,2228,2418,2617
L0101 屯門市中心社區會堂,3799,45,119,246,414,553,715,889,1065,1219,1372,1538,1715,1883,2117,2288
L0102 青山天主教小學,2537,44,101,209,293,389,480,611,716,849,964,1056,1193,1322,1451,1557
L0201 保良局香港道教聯合會圓玄小學,9112,120,332,746,1083,1286,1771,2211,2544,2889,3205,3586,3945,4375,4923,5459
L0202 仁愛堂劉皇發夫人小學,4805,52,156,314,478,589,842,1065,1317,1566,1726,1941,2190,2403,2630,2854
L0301 深培中學,5808,90,235,446,643,806,1005,1244,1490,1742,1956,2194,2465,2752,3064,3321
L0302 青松侯寶垣中學,2120,27,89,149,233,312,407,519,621,716,813,936,1044,1169,1314,1486
L0401 安定/友愛社區中心,7123,113,299,547,808,975,1239,1512,1788,2075,2341,2601,2844,3137,3430,3667
L0402 聖公會青山聖彼得堂兆麟苑幼稚園,2992,56,105,230,377,465,580,679,775,913,1037,1187,1284,1438,1587,1730
L0501 順德聯誼總會譚伯羽中學,8469,104,245,507,793,899,1220,1524,1815,2089,2315,2655,2934,3270,3604,3997
L0601 伊斯蘭學校,6179,55,181,394,597,707,947,1151,1408,1622,1797,2035,2301,2586,2867,3190
L0602 仁濟醫院何式南小學,6509,87,235,421,688,879,1127,1434,1739,2000,2220,2474,2750,3108,3432,3790
L0701 馬錦明慈善基金馬可賓紀念中學,9061,123,367,736,1113,1113,1830,2305,2800,3190,3582,4056,4507,4996,5436,5956
L0801 山景社區會堂,10488,110,339,657,977,1237,1552,1940,2310,2660,3003,3370,3708,4057,4457,4834
L0901 大興社區會堂,5598,77,253,463,683,778,1034,1243,1435,1633,1825,1991,2229,2430,2627,2825
L0902 仁愛堂陳黃淑芳紀念中學,2438,23,102,204,287,325,383,459,541,624,695,778,857,933,991,1052
L1001 大興體育館,9788,204,465,795,1119,1373,1759,2107,2479,2813,3130,3476,3930,4306,4755,5219
L1101 中華基督教會譚李麗芬紀念中學,2136,31,74,118,181,213,299,395,465,541,615,731,828,942,1050,1144
L1102 井財街社區會堂,4499,32,140,276,407,493,696,696,1088,1222,1388,1591,1785,1963,2284,2448
L1201 救世軍三聖邨劉伍英學校,5881,83,226,430,687,866,1156,1406,1653,1899,2125,2364,2610,2846,3140,3515
L1202 海關訓練學校,1767,17,58,123,199,292,378,452,529,617,684,763,817,890,995,1076
L1301 入境事務學院,2390,52,118,185,260,334,439,558,652,771,867,952,1045,5257,5827,6589
L1302 保良局西區婦女福利會馮李佩瑤小學,7105,83,264,482,729,1008,1294,1581,1912,2221,2506,2838,3152,4035,4526,5137
L1401 新屯門中心社區中心,11431,106,354,746,1097,1665,2045,2480,2981,3436,3856,4387,4828,4706,5394,5980
L1501 南屯門官立中學,8590,78,284,583,935,1250,1605,1994,2329,2671,2957,3272,3720,2818,3132,3461
L1601 世界龍岡學校劉德容紀念小學,9628,147,400,640,1052,1455,1908,2252,2722,3186,3431,3844,4180,1742,1953,2195
L1701 東華三院辛亥年總理中學,7943,73,210,437,675,865,1076,1286,1512,1764,1987,2246,2528,2818,3132,3461
L1801 五邑鄒振猷學校,3645,45,128,287,436,590,730,872,1010,1134,1265,1434,1574,1742,1953,2195
L1802 蝴蝶灣社區中心,6165,94,264,491,744,944,1146,1324,1549,1771,1946,2144,2376,2590,2827,3010
L1901 香港路德會增城兆霖學校,4835,98,175,468,690,867,1052,1309,1564,1736,1913,2110,2377,2569,2879,3175
L1902 龍鼓灘村公所,778,25,39,59,98,135,170,200,234,262,301,353,379,408,440,471
L2001 龍逸社區會堂,8663,112,332,559,907,1101,1364,1668,1948,2287,2559,2913,3214,3517,3979,4489
L2002 仁濟醫院第二中學,796,7,19,40,75,86,109,139,184,213,233,271,303,334,367,390
L2101 香港紅卍字會屯門卍慈小學,9430,104,323,553,826,1029,1344,1669,2045,2394,2750,3093,3468,3846,4294,4809
L2201 良景社區中心,9954,129,351,627,918,1095,1454,1828,2200,2572,2933,3290,3654,4006,4373,4785
L2301 柏立基教育學院校友會何壽基學校,11009,75,307,623,957,1169,1524,1948,2357,2753,3115,3530,3946,4452,4935,5553
L2401 保良局志豪小學,6482,92,318,646,940,982,1189,1321,1534,1749,1954,2165,2331,2527,2733,2959
L2402 屯門紫田村村公所,1875,23,69,134,223,271,356,432,494,562,621,726,807,884,964,1056
L2501 建生社區會堂,10132,127,330,690,1068,1309,1798,2080,2493,2837,3186,3567,3887,4419,4979,5459
L2601 屯門官立小學,8568,170,334,652,959,1139,1532,1926,2258,2609,2908,3313,3693,4084,4562,5154
L2701 聖公會蒙恩小學,7363,85,306,590,863,1099,1448,1790,2177,2469,2786,3126,3457,3832,4241,4673
L2702 興德學校,2717,53,126,228,364,462,548,763,915,1019,1115,1263,1424,1576,1729,1880
L2801 嶺南大學郭少明伉儷樓,11490,102,229,491,820,1010,1311,1753,2038,2412,2665,3198,3535,3946,4462,5242
L2802 福亨村村公所,1021,13,30,55,104,130,188,232,278,319,360,419,481,524,568,622
L2901 僑所公立學校,3313,48,112,212,313,405,528,647,767,883,1020,1143,1277,1389,1557,1682
L2902 屯門學校,2048,19,67,132,212,244,306,405,474,569,654,740,844,942,1048,1197
L2903 屯門新村村公所,2658,42,100,188,294,373,485,607,705,790,871,984,1100,1191,1370,1486
M0101 元朗商會小學,8018,91,281,610,933,1204,1492,1811,2165,2421,2737,3046,3375,3695,4092,4460
M0201 聖公會靈愛小學,7074,102,332,521,794,1053,1388,1685,1976,2198,2319,2625,2918,3220,3462,3820
M0202 元朗公立中學校友會小學,4139,58,172,341,483,673,899,1080,1261,1429,1618,1811,2027,2247,2465,2734
M0301 朗屏社區會堂,10294,70,275,549,883,1242,1650,2028,2476,2750,3136,3508,3879,4259,4766,5339
M0401 元朗朗屏邨東莞學校,8630,47,232,512,803,1083,1347,1654,1950,2265,2613,2950,3324,3726,4125,4628
M0501 元朗郵政局,4714,47,130,293,468,631,805,1013,1161,1340,1515,1682,1854,2051,2215,2423
M0502 鳳琴街體育館,6605,60,198,421,670,987,1255,1525,1841,2115,2393,2639,2882,3168,3461,3838
M0601 中華基督教會基元中學,4022,61,152,271,508,706,1003,1268,1439,1632,1834,1993,2191,2395,2708,2955
M0701 佛教榮茵學校,5891,78,184,398,640,911,1148,1449,1656,1953,2152,2435,2689,3038,3397,3764
M0801 元朗官立小學,1103,16,36,62,88,123,156,186,230,243,283,313,349,380,420,474
M0802 鐘聲學校,5963,47,133,279,457,681,879,1144,1359,1634,1890,2153,2391,2630,2899,3234
M0901 聖公會白約翰會督中學,6345,46,201,350,533,831,1110,1384,1736,1947,2201,2416,2720,2971,3318,3547
M0902 明愛元朗陳震夏中學,3820,39,108,229,387,552,751,959,1118,1293,1452,1617,1785,1944,2153,2415
M1001 瑋琦文化教育機構(殷翠幼稚園),3890,47,122,222,342,446,560,720,825,975,1118,1276,1416,1567,1741,1917
M1002 香港童軍總會蔡志明聯光童軍中心,6551,71,181,337,548,776,975,1178,1364,1547,1761,2038,2257,2457,2725,3092
M1101 工業福音團契元朗惠群天地,3332,55,122,227,349,467,600,731,854,976,1105,1223,1361,1496,1648,1826
M1102 可道中學（嗇色園主辦）,7049,89,251,493,773,970,1244,1502,1780,2041,2329,2551,2823,3069,3369,3653
M1201 屏山天水圍體育館,3709,35,85,167,300,421,560,701,822,973,1131,1306,1442,1599,1801,1972
M1301 橫洲村公所,3778,48,140,251,371,515,659,759,891,1009,1149,1322,1466,1612,1793,2003
M1302 前沙江公立聯益學校,1521,20,66,112,179,241,306,359,420,460,525,585,631,668,703,768
M1401 基督教香港信義會榮真堂,931,14,37,58,81,108,127,172,206,220,245,271,298,315,354,407
M1402 錫降圍村公所,3210,61,149,240,355,467,557,652,779,854,965,1059,1203,1388,1507,1679
M1403 鄰舍輔導會屯門/元朗鄉郊中心,3211,38,113,214,309,405,531,675,779,883,1011,1160,1300,1430,1583,1770
M1501 伊利沙伯中學舊生會小學分校,6397,72,170,330,555,861,1089,1089,1089,2000,2150,2578,2743,3057,3382,3648
M1502 獅子會何德心小學,6599,88,239,434,673,918,1196,1450,1722,2000,2339,2649,2649,3179,3179,3846
M1601 天瑞社區中心,10021,118,350,669,997,1374,1752,2119,2430,2853,3195,3636,4017,4411,4842,5393
M1701 東華三院姚達之紀念小學(元朗),7765,98,257,472,782,1059,1333,1571,1815,2068,2388,2674,2980,3293,3606,4022
M1801 賽馬會毅智書院,6562,98,263,723,723,925,1161,1456,1661,1908,2168,2385,2650,2985,3341,3712
M1802 東華三院李東海小學,6529,93,215,394,607,758,986,1191,1375,1611,1859,2101,2337,2593,2833,3145
M1901 天水圍循道衞理中學,9075,65,279,499,788,1017,1355,1674,1966,2138,2599,2840,3169,3522,3981,4379
M2001 天暉路社區會堂,10191,185,416,729,1083,1429,1730,2104,2417,2740,3132,3475,3806,4223,4685,5120
M2101 聖公會天水圍靈愛小學,10631,60,257,488,821,1120,1458,1741,2051,2388,2755,3077,3385,3847,4283,5044
M2201 順德聯誼總會伍冕端小學,12123,89,320,627,974,1355,1685,2062,2445,2822,3222,3624,4125,4609,5250,6038
M2301 元朗公立中學校友會英業小學,10544,86,273,564,887,1186,1500,1839,2199,2425,2846,3252,3609,4016,4577,5148
M2401 天晴社區會堂,8781,114,328,581,870,1236,1519,1790,2128,2441,2753,3091,3485,3779,4188,4642
M2501 香港管理專業協會羅桂祥中學,10553,206,518,899,1335,1793,2302,2708,3285,3710,4200,4629,5096,5501,6101,6810
M2601 道慈佛社楊日霖紀念學校,6750,92,267,505,719,932,1154,1380,1567,1820,2047,2289,2513,2740,3004,3380
M2701 天水圍官立中學,8883,89,286,577,863,1127,1486,1779,2105,2396,2739,3061,3449,3743,4163,4695
M2801 天耀社區中心,8337,97,301,531,807,1096,1446,1741,2041,2316,2613,2972,3271,3590,3981,4451
M2901 裘錦秋中學 (元朗),8717,140,330,672,954,1341,1644,1970,2393,2765,3139,3523,3849,4237,4752,5300
M3001 香港青年協會李兆基小學,7752,67,248,525,837,1023,1363,1622,1927,2184,2540,2798,3232,3569,3885,4434
M3101 港澳信義會黃陳淑英紀念學校,8180,96,287,514,825,1185,1537,1892,2235,2566,2885,3222,3568,3568,4553,5138
M3201 惇裕學校,3236,31,72,160,264,362,484,595,689,764,842,919,1028,1105,1223,1323
M3202 聖加百利幼稚園,5812,71,190,383,610,843,1027,1274,1490,1744,1914,2152,2386,2595,2817,3145
M3301 聖公會聖約瑟小學,5796,72,177,350,568,786,1043,1284,1528,1706,1918,2123,2326,2559,2766,3062
M3401 台山公立學校 (舊址),6014,81,170,357,538,761,976,1216,1349,1563,1831,2074,2319,2516,2786,3029
M3501 八鄉中心小學 (石湖塘),9536,104,337,608,945,1375,1725,2122,2457,2838,3280,3641,3978,4342,4741,5428
N0101 香海正覺蓮社佛教馬錦燦紀念英文中學,5897,51,209,430,676,969,1232,1444,1685,1927,2136,2371,2601,2855,3164,3473
N0201 粉嶺公立學校,3121,37,115,205,323,462,561,658,805,943,1088,1214,1334,1429,1551,1691
N0202 明愛粉嶺陳震夏中學,3093,34,112,225,361,476,645,782,923,1055,1217,1375,1519,1698,1864,2058
N0301 祥華社區會堂,11556,106,340,733,1164,1551,1930,2384,2838,3273,3737,4219,4645,5080,5568,6132
N0401 香海正覺蓮社佛教正覺蓮社學校,11401,158,382,795,1271,1820,2240,2767,3311,3785,4322,4769,5236,5733,6372,7070
N0501 鳳溪廖潤琛紀念學校,11770,123,365,745,1152,1552,1997,2510,2915,3258,3726,4136,4599,5123,5760,6389
N0601 香海正覺蓮社佛教普光學校,5208,60,185,383,558,801,996,1220,1481,1699,1948,2194,2435,2686,2919,3228
N0602 路德會賽馬會雍盛綜合服務中心,8354,121,276,540,842,1154,1442,1799,2089,2409,2708,3035,3352,3691,4078,4601
N0701 聖公會嘉福榮真小學,9968,80,317,664,1023,1354,1749,2112,2553,2963,3355,3751,4180,4626,5178,5931
N0801 粉嶺官立中學,4251,67,178,386,580,826,1015,1237,1440,1736,1736,2167,2298,2523,2790,3098
N0802 田家炳中學,2803,37,98,189,281,402,571,680,851,983,1159,1281,1446,1587,1767,1957
N0901 風采中學 (教育評議會主辦),9748,107,311,641,1001,1312,1655,1940,2225,2563,2870,3193,3569,3959,4440,5054
N1001 保榮路體育館,7512,81,236,457,844,1150,1405,1680,1964,2219,2537,2802,3148,3427,3851,4330
N1101 金錢村何東學校,2777,55,105,201,285,422,422,626,718,799,892,984,1071,1139,1305,1396
N1102 蕉徑村公所,1820,48,110,189,259,335,401,488,564,654,736,797,866,937,1019,1099
N1103 古洞公立愛華學校,3161,70,162,259,378,519,671,776,910,1061,1182,1287,1427,1554,1692,1835
N1104 坑頭村公所,2063,41,102,186,274,350,431,508,575,651,742,829,926,1005,1134,1237
N1201 彩園會堂,11077,183,546,937,1335,1826,2148,2723,3180,3523,3922,4353,4765,5219,5653,6070
N1301 龍琛路體育館,1600,10,39,89,142,198,250,300,344,389,432,481,537,577,654,735
N1302 聖公會陳融中學,5236,89,232,403,638,878,1108,1350,1574,1810,2021,2295,2526,2763,3054,3321
N1303 香海正覺蓮社佛教陳式宏學校,2620,54,125,247,340,457,545,632,760,865,967,1061,1180,1284,1489,1611
N1401 石湖墟公立學校,10402,70,275,577,927,1281,1689,2078,2419,2856,3229,3607,4090,4502,5021,5642
N1501 鳳溪廖萬石堂中學,8456,80,217,443,735,1148,1443,1725,2120,2366,2687,2949,3297,3593,4074,4666
N1601 打鼓嶺嶺英公立學校,1315,18,35,71,102,138,167,213,268,306,353,401,428,462,519,563
N1602 International College Hong Kong,2117,30,64,150,221,309,373,434,469,503,540,601,651,704,759,811
N1603 吉澳村公所,102,0,8,14,16,18,21,21,22,24,26,28,30,30,30,30
N1604 沙頭角中心小學,3419,11,68,216,423,565,721,850,961,1060,1139,1281,1384,1565,1801,1962
N1605 李氏宗祠,76,2,4,7,12,14,24,24,29,30,32,34,37,37,37,37
N1606 打鼓嶺社區會堂,1532,19,57,103,176,234,301,362,406,462,512,563,613,653,706,787
N1701 天平體育館,6761,52,170,362,583,832,1119,1329,1594,1831,2070,2315,2594,2888,3245,3609
N1702 聯和墟社區會堂,7335,88,241,482,833,1216,1503,1883,2223,2538,2877,3168,3442,3824,4172,4662
N1801 從謙學校,1558,18,44,69,138,203,261,313,367,417,472,515,547,587,634,700
N1802 龍山學校,1726,24,53,113,158,219,292,331,408,456,514,570,634,704,773,840
N1803 軍地蔬菜產銷有限責任合作社,1978,34,66,114,162,222,286,342,393,468,530,606,664,727,813,892
N1804 新福事工協會生命導向中心,2508,42,109,192,283,377,439,520,702,759,791,878,939,1022,1106,1219
N1805 和合石村公所,605,14,27,49,62,83,111,127,139,164,191,223,242,273,293,324
P0101 大埔社區中心 (展覽廳),6950,66,349,477,718,978,1239,1521,1771,2039,2313,2593,2858,3131,3419,3659
P0201 大埔官立中學,7823,98,289,569,923,1345,1784,2180,2615,3022,3382,3759,4059,4472,4888,5373
P0301 新界婦孺福利會梁省德學校,3440,40,153,292,418,621,774,950,1097,1235,1413,1550,1732,1889,2073,2297
P0302 香港紅卍字會大埔卍慈中學,5552,49,201,366,557,768,989,1167,1368,1609,1844,2082,2331,2553,2797,3144
P0401 大元社區會堂,8876,69,268,514,817,1173,1470,1728,2056,2407,2752,3108,3430,3826,4138,4505
P0501 富亨鄰里社區中心,11628,163,391,707,1095,1493,1850,2280,2725,3171,3631,4086,4482,5033,5507,6200
P0601 富善社區會堂,11831,110,335,704,1096,1518,1518,2429,2879,3319,3874,4392,4855,5431,5918,6717
P0701 香港道教聯合會圓玄學院第二中學,9129,116,367,674,1004,1410,1795,2187,2573,2976,3364,3727,4117,4446,4905,5509
P0801 廣福社區會堂,7587,134,324,624,852,1121,1384,1669,1917,2210,2498,2780,3090,3454,3784,4145
P0802 大埔崇德黃建常紀念學校,1278,24,77,129,200,268,322,384,441,512,555,613,664,730,804,884
P0901 大埔浸信會公立學校,8535,85,339,616,984,1355,1634,1932,2264,2591,3000,3411,3696,1642,1814,1980
P1001 香港教師會李興貴中學,10337,124,382,730,1153,1402,2032,2433,2990,3443,3943,4545,4922,3881,4316,4908
P1002 保良局田家炳千禧小學,2854,30,110,214,358,499,618,777,938,1098,1277,1409,1549,3316,3630,4004
P1101 運頭塘鄰里社區中心,8550,98,264,533,872,1191,1527,1825,2116,2486,2820,3146,3530,984,1096,1241
P1201 仁濟醫院蔡衍濤小學,5785,93,232,430,691,949,1261,1570,1816,2107,2389,2643,3010,3316,3630,4004
P1202 挪威國際學校,2056,32,98,170,264,343,415,503,567,635,716,809,877,984,1096,1241
P1301 南華莆村崇真堂,629,12,21,46,77,92,151,174,217,241,261,290,318,341,375,420
P1302 獅子會林村青年中心,5000,67,178,383,531,724,902,1083,1256,1447,1648,1854,2035,2245,2531,2800
P1303 圍頭村村公所,1247,55,84,127,187,234,290,344,367,422,472,536,586,636,695,760
P1304 泰亨公立學校,1451,39,70,124,178,254,326,383,441,512,583,649,711,779,892,973
P1401 神召會康樂中學,10565,162,353,606,976,1328,1736,2126,2539,2998,3401,3872,4292,4730,5299,5961
P1501 林村公立黃福鑾紀念學校,10926,109,265,575,907,1253,1612,2030,2379,2763,3162,3619,4039,4523,5026,5573
P1601 太和鄰里社區中心,7799,101,273,539,835,1156,1570,1929,2334,2733,3193,3627,4006,4496,4843,5321
P1701 大埔三育中學,5006,80,184,304,516,796,995,1196,1435,1671,1930,2175,2381,2623,2941,3308
P1702 九龍坑公立育賢學校,1864,28,77,155,247,324,389,476,558,630,706,804,893,959,1037,1110
P1703 康樂園服務處會議室,1931,21,81,165,215,290,378,454,549,627,704,812,919,971,1100,1222
P1704 孔教學院大成何郭佩珍中學,2203,8,104,179,296,391,493,586,686,788,883,1003,1130,1226,1358,1497
P1801 大美督村公所,2966,33,115,207,300,404,510,614,730,842,953,1088,1204,1332,1455,1761
P1802 船灣詹屋村村公所,4456,78,190,304,435,559,702,836,978,1118,1277,1435,1569,1714,1870,2358
P1803 香港教育學院賽馬會小學,1341,6,34,84,140,207,240,285,358,465,515,574,650,702,808,935
P1901 香港浸信會神學院,5675,146,192,331,586,757,1036,1277,1485,1701,1932,2261,2544,2774,3080,3535
P1902 西貢郊野公園遊客中心,192,5,8,13,20,26,30,35,46,50,61,67,86,92,92,96
P1903 塔門鄉公所,216,3,7,31,38,45,47,47,51,55,63,67,69,80,80,80
Q0101 西貢賽馬會大會堂,8785,117,315,633,999,1372,1732,2091,2483,2853,3153,3425,3733,4105,4423,4848
Q0102 萬宜漁村公共會堂,1879,31,82,137,221,270,349,412,454,508,558,630,694,753,848,931
Q0201 前西貢中心小學,6887,101,249,504,762,1027,1318,1591,1870,2115,2367,2615,2858,3154,3442,3857
Q0401 港澳信義會小學,4669,52,125,303,463,664,851,1035,1231,1508,1697,1887,2050,2198,2400,2657
Q0501 新界西貢坑口區鄭植之中學,4609,46,161,329,480,682,892,1123,1339,1534,1764,2025,2182,2324,2514,2756
Q0601 播道書院,9194,96,287,554,867,1091,1522,1917,2284,2670,3086,3450,3685,4271,4740,5434
Q0701 香港基督教女青年會將軍澳綜合社會服務處,7102,138,372,732,1042,1433,1769,2193,2504,2942,3338,3641,4156,4540,4833,5446
Q0801 優才(楊殷有娣)書院,6082,55,152,336,603,869,1138,1418,1711,2025,2324,2659,2916,3233,3564,3971
Q0901 香海正覺蓮社佛教正覺中學,8539,78,227,418,668,668,1308,1513,1781,2111,2468,2879,3158,3517,3950,4497
Q1001 寶覺中學,10999,115,328,585,938,1320,1694,2058,2500,2925,3360,3817,4286,4796,5354,5997
Q1101 博愛醫院八十週年鄧英喜中學,9264,102,285,575,989,1459,1880,2298,2761,3235,3678,4182,4578,5041,5596,6191
Q1201 仁濟醫院王華湘中學,9992,69,208,558,905,1269,1670,2163,2639,3134,3613,4053,4486,4961,5436,6299
Q1301 將軍澳運動場,6074,52,168,346,596,830,1197,1516,1840,2224,2572,2961,3309,3615,3999,4483
Q1401 將軍澳官立小學,9769,85,273,602,1026,1509,2035,2606,3100,3607,4177,4600,5089,5503,6117,6742
Q1501 翠林體育館,2049,29,75,160,247,335,406,496,582,676,758,843,924,1005,1122,1244
Q1502 景嶺書院,4654,37,128,300,470,678,819,1054,1253,1463,1639,1888,2129,2304,2511,2803
Q1601 翠林社區會堂,10852,124,338,684,1071,1485,1899,2287,2656,3082,3579,4012,4469,4953,5340,5859
Q1701 迦密主恩中學,12590,117,323,701,1082,1558,2034,2508,2966,3409,3955,4418,4886,5461,5986,6662
Q1801 寶林邨文娛活動會堂,11338,149,387,749,1235,1690,2192,2751,3190,3735,4307,4817,5390,5905,6470,7243
Q1901 順德聯誼總會梁潔華小學,11824,121,418,825,1378,1935,2514,3123,3815,4361,5022,5628,6241,6743,7570,8339
Q1902 順德聯誼總會鄭裕彤中學,4724,53,146,315,514,719,1004,1204,1456,1742,2002,2219,2576,2753,2998,3412
Q2001 景林鄰里社區中心,12273,178,348,787,1355,1681,2076,2603,3174,3676,3676,4750,5241,5656,6287,6807
Q2101 天主教鳴遠中學,11644,90,380,866,1495,1814,2349,2772,3203,3664,4174,4666,5121,5599,6283,6952
Q2201 港澳信義會慕德中學,10092,107,302,686,1138,1594,2050,2457,2945,3435,3932,4392,4883,5340,5896,6392
Q2301 坑口社區會堂,12336,134,390,773,1310,1755,2283,2768,3339,3856,4493,5039,5501,6030,6723,7539
Q2401 尚德社區會堂,12519,131,354,634,944,1363,1751,2127,2553,2978,3409,3905,4334,4808,5330,6301
Q2501 香港道教聯合會圓玄學院第三中學,11557,110,357,750,1157,1602,2027,2584,3010,3446,3962,4500,4976,5486,6187,6793
Q2601 啓思中學,2767,34,117,175,270,463,559,678,780,939,1072,1262,1462,1623,1816,2114
Q2602 康城社區會堂,10568,134,338,736,1174,1752,2329,2758,3370,3821,4392,4941,5502,6295,6755,7866
R0101 沙田大會堂,8046,91,298,576,952,1258,1684,2063,2589,3037,3437,3766,4138,4456,4915,5403
R0102 沙田官立中學,1605,35,81,160,210,287,353,441,507,581,672,768,845,927,1072,1168
R0201 瀝源社區會堂,7985,88,292,701,957,1313,1576,1859,2179,2469,2782,3122,3396,3658,3953,4266
R0301 禾輋社區會堂,11486,123,399,753,1131,1515,1941,2344,2703,3149,3574,4059,4406,4784,5283,5795
R0401 浸信會呂明才小學,9083,156,399,784,1165,1702,2087,2552,3046,3486,3897,4429,4869,5378,5926,6678
R0501 五旬節林漢光中學,8636,154,396,778,1126,1606,1933,2381,2765,3178,3674,4105,4465,4895,5349,5998
R0601 慈航學校,4552,47,175,334,544,807,1016,1255,1487,1700,1892,2095,2296,2497,2741,3044
R0602 富豪花園商場一樓富豪橋有蓋走廊,3723,66,147,287,444,641,822,1032,1216,1420,1628,1788,2011,2191,2448,2701
R0701 佛教覺光法師中學,10075,105,450,769,1124,1553,1900,2260,2608,2997,3441,3849,4258,4701,5101,5553
R0801 博康社區會堂,11621,156,502,877,1270,1764,2148,2546,3048,3444,3961,4448,4903,5439,5799,6285
R0901 沙田圍胡素貞博士紀念學校,10624,108,394,769,1174,1602,2055,2397,2904,3340,3863,4363,4829,5156,5701,6115
R1001 秦石社區會堂,9161,95,387,738,1211,1678,2120,2520,2942,3330,3818,4292,4571,4968,5479,5906
R1101 新田圍社區會堂,5885,67,206,409,701,923,1123,1349,1550,1756,2019,2255,2462,2714,2955,3210
R1201 九龍城浸信會禧年 (恩平) 小學,11549,106,381,768,1201,1743,2192,2657,3163,3656,4200,4710,5265,5776,6372,7130
R1301 香港中文大學校友會聯會張煊昌學校,3185,35,101,211,353,510,670,771,909,1044,1178,1340,1530,1651,1848,2052
R1302 顯徑體育館,8410,120,277,556,833,1142,1473,1779,2106,2429,2805,3171,3542,3856,4233,4709
R1401 美田社區會堂,8378,58,261,480,760,1104,1366,1696,1973,2246,2604,2922,3292,3676,4073,4554
R1501 東莞工商總會劉百樂中學,5483,66,175,370,603,844,1089,1368,1620,1920,2184,2489,2781,3076,3329,3909
R1601 顯徑鄰里社區中心,12140,161,415,903,1198,1683,2122,2521,2933,3493,4016,4524,5048,5487,6049,6685
R1602 才俊學校,1979,40,108,199,272,385,446,446,634,735,852,987,1072,1206,1321,1479
R1701 隆亨社區中心,8695,83,289,582,838,1193,1502,1824,2163,2548,2903,3270,3591,3923,4279,4691
R1801 東莞工商總會張煌偉小學,9811,111,353,680,1027,1414,1414,2155,2534,2923,3336,3744,4130,4558,5016,5542
R1901 佛教黃允畋中學,10471,144,414,854,1341,1719,2099,2531,2966,3436,3941,4425,4825,5228,5649,6298
R1902 大圍村村公所,1857,20,70,124,190,268,345,420,487,587,668,746,850,925,1018,1108
R2001 樂道中學,7335,70,261,501,784,1078,1360,1694,2016,2339,2722,3102,3384,3741,4133,4568
R2002 基督教香港信義會沙田信義幼稚園,919,6,29,72,113,140,203,246,272,319,358,406,457,4342,4744,5434
R2101 保良局蕭漢森小學,8074,90,308,610,859,1237,1737,2038,2455,2780,3269,3563,3893,4112,4486,5089
R2201 賽馬會體藝中學,7925,101,252,460,766,1119,1449,1816,2171,2576,2985,3364,3737,4112,4486,5089
R2301 香港中文大學富爾敦樓,1699,16,50,123,223,319,376,474,544,609,677,768,851,918,1016,1100
R2302 仁愛堂香港台山商會長者活動中心,4683,36,150,327,523,779,990,1233,1422,1670,1908,2137,2380,2627,2895,3442
R2401 宣道會台山陳元喜小學,11573,125,411,764,1226,1717,2257,2795,3212,3703,4368,4940,5425,5989,6688,7591
R2501 香港中文大學校友會聯會陳震夏中學,12282,144,411,892,1338,1924,1924,3033,3526,4089,4706,5283,5889,6404,7059,7851
R2601 香港道教聯合會純陽小學,9437,172,433,764,1225,1687,1687,2605,3030,3514,3984,4465,4922,5390,5904,6585
R2801 明愛馬鞍山中學,13493,143,418,883,1466,2157,2678,3260,3786,4418,5045,5731,6374,6999,7807,8770
R2901 利安社區會堂,15115,206,525,1130,1762,2352,3076,3649,4210,4949,5713,6367,7050,7783,8660,9854
R3001 吳氏宗親總會泰伯紀念學校,6993,86,263,500,768,1049,1325,1639,1938,2277,2569,2865,3192,3510,3908,4471
R3002 東華三院黃鳳翎中學,3782,47,161,278,441,627,778,982,1178,1361,1549,1807,2000,2252,2491,2757
R3101 保良局莊啟程小學,13495,112,439,764,1193,1536,2194,2749,3282,3851,4432,5036,5604,6244,6944,7688
R3201 馬鞍山聖若瑟小學,9383,84,272,543,891,1220,1520,1843,2155,2513,2870,3224,3596,3982,4447,4949
R3202 恒安社區中心,6009,72,241,430,641,888,1110,1346,1574,1836,2117,2384,2603,2831,3119,3467
R3301 德信中學,9991,154,341,695,1098,1577,2159,2605,2917,3443,3855,4361,4864,5401,6015,6913
R3401 聖公會馬鞍山主風小學,10659,97,280,626,1026,1445,1903,2278,2689,3156,3625,4149,4630,5093,5655,6386
R3402 基督教香港信義會馬鞍山信義學校,2702,23,111,221,301,409,502,604,671,758,884,974,1062,1180,1281,1391
R3501 林大輝中學,9837,100,320,577,1041,1427,1835,2470,2840,3306,3306,4064,4569,4989,5628,6366
R3601 路德會梁鉅鏐小學,6595,110,252,454,736,1056,1396,1730,2095,2457,2789,3099,3497,3887,4306,4947
R3602 香港浸會大學附屬學校王錦輝中小學,2219,46,104,178,253,348,443,531,598,670,752,837,925,1022,1117,1230
R3701 世界龍岡學校黃耀南小學,10493,164,387,824,1218,1652,2108,2609,3132,3604,4115,4598,5084,5539,6048,6838
R3801 廣源社區會堂,9203,105,341,633,990,1381,1755,2107,2438,2800,3166,3589,3925,4333,4737,5183
S0101 中華傳道會許大同學校,9738,152,398,741,1165,1605,1947,2366,2712,3097,3486,4000,4327,4717,5109,5577
S0201 基督教香港信義會葵盛信義學校,14268,141,485,1015,1556,2058,2494,3070,3593,4145,4702,5275,5825,6387,7052,7817
S0301 仁愛堂彭鴻樟幼稚園,6276,104,280,504,776,1035,1306,1545,1791,2058,2329,2620,2852,3119,3407,3681
S0401 佛教林炳炎紀念學校(香港佛教聯合會主辦),9366,121,509,839,1120,1465,1803,2274,2537,2885,3267,3643,3981,4301,4697,5118
S0501 中華基督教會全完中學,8708,68,319,567,896,1175,1493,1774,2078,2394,2731,3116,3436,3838,4287,4840
S0601 中華基督教會全完幼稚園,6106,97,277,519,743,944,1181,1407,1617,1861,2085,2314,2548,2808,3151,3428
S0602 聖公會林護紀念中學,3611,28,96,203,316,450,557,669,793,924,1065,1224,1337,1480,1653,1827
S0701 聖公會主愛小學,11554,124,465,866,1314,1806,2265,2665,3106,3541,4027,4514,4862,5349,5349,6483
S0801 慈幼葉漢小學,9446,154,368,672,1025,1383,1816,2136,2454,2816,3228,3664,3917,4272,4660,5148
S0901 石籬 (一) 邨室內活動室,9579,98,320,653,1083,1439,1821,2148,2464,2876,3251,3668,4026,4444,4822,5316
S1001 石籬社區會堂,12891,143,478,933,1344,1928,2338,2731,3221,3621,4152,4625,5260,5673,6190,6736
S1101 香港道教聯合會圓玄學院第一中學,9006,129,361,627,976,1325,1651,2071,2547,2899,3237,3565,3859,4241,4642,5152
S1201 佛教林金殿紀念小學,10513,108,409,784,1244,1687,2104,2469,2867,3316,3798,4258,4659,1513,1673,1884
S1301 華景山莊北停車場地下會議室,2703,43,121,198,351,512,616,717,866,990,1138,1265,1370,515,563,600
S1302 迦密愛禮信中學,1067,23,47,99,152,199,240,279,314,344,398,449,483,1921,2120,2340
S1303 東華三院高可寧紀念小學,4940,59,148,284,481,647,798,913,1053,1192,1361,1525,1672,3883,4256,4656
S1401 中華基督教會基真小學,7840,113,296,601,941,1237,1537,1912,2257,2560,2935,3275,3571,4617,5072,5498
S1501 香港四邑商工總會陳南昌紀念中學,8458,161,486,882,1247,1704,2167,2563,2868,3250,3506,3986,4347,3537,3882,4250
S1601 葵芳社區會堂,6594,108,303,572,888,1205,1496,1756,2057,2347,2643,2959,3236,3537,3882,4250
S1701 荔景社區會堂,8221,77,260,555,865,1132,1429,1711,1988,2273,2593,2892,3178,3498,3847,4279
S1801 葵盛社區會堂,10716,131,402,747,1224,1612,1969,2414,2743,3122,3557,3956,4311,4783,5258,5763
S1901 地利亞(閩僑)英文小學,7983,88,272,498,765,1013,1268,1577,1847,2175,2470,2854,3104,3490,3863,4296
S1902 中華基督教會燕京書院,8817,83,287,566,937,1296,1660,2130,2481,2876,3313,3710,4123,4556,5062,5753
S2001 聖公會青衣邨何澤芸小學,8135,121,355,595,1019,1397,1837,2191,2613,3035,3523,3905,4290,4636,5056,5652
S2101 荃灣商會學校,10587,89,331,659,1033,1472,1852,2304,2675,3087,3486,3908,4372,4779,5301,6009
S2201 東華三院吳祥川紀念中學,2376,26,84,160,259,384,502,593,694,779,874,1002,1105,1200,1364,1519
S2202 保良局世德小學,9516,150,410,761,1201,1605,2145,2581,3056,3552,4016,4434,4905,5440,5945,6594
S2301 長青社區中心,4817,53,169,320,504,700,964,1020,1151,1315,1472,1644,1813,1950,2135,2316
S2302 美景花園自修室,5826,91,199,397,620,859,1073,1303,1523,1741,1988,2197,2430,2702,2999,3376
S2401 青衣商會小學,6864,103,292,583,856,1089,1340,1500,1709,1947,2181,2381,2629,2845,3072,3272
S2402 青衣商會幼稚園,4463,81,210,364,562,760,947,1160,1330,1503,1681,1876,2055,2240,2465,2707
S2501 樂善堂梁植偉紀念中學,7616,161,371,675,1042,1346,1634,1871,2136,2426,2741,3008,3270,3558,3850,4171
S2601 藍澄會,1674,18,68,119,186,246,318,403,478,564,671,755,829,932,1097,1197
S2602 聖公會青衣主恩小學,6930,81,295,544,751,1012,1217,1401,1608,1831,2051,2267,2546,2845,3217,3627
S2701 長亨社區會堂,10186,160,517,903,1386,1771,2144,2518,2898,3329,3730,4174,4598,5036,5553,6054
S2801 長發社區中心,7329,117,281,578,849,1144,1428,1756,2027,2356,2619,2891,3138,3447,3866,4247
S2901 中華傳道會呂明才小學,9837,160,438,715,1128,1509,1837,2143,2493,2866,3225,3583,3961,4324,4764,5225
T0101 中華基督教會大澳小學,1816,43,134,227,291,337,383,444,490,532,595,660,744,836,890,919
T0102 沙螺灣鄉公所,72,1,3,4,4,9,9,12,12,18,19,20,20,20,20,20
T0103 大澳䃟頭村村公所,41,0,1,3,8,11,11,12,13,15,16,18,18,18,18,18
T0104 醫療輔助隊東涌訓練中心,881,7,22,44,81,116,143,175,199,227,265,294,321,345,387,407
T0105 牛牯塱三鄉合作社,64,0,4,14,21,26,27,28,28,28,28,29,29,29,30,30
T0106 寶蓮禪寺大澳廳,45,0,2,7,10,10,10,10,10,10,11,13,13,14,14,14
T0107 梅窩體育館,2799,25,105,223,341,453,533,638,744,843,949,1061,1164,1250,1376,1492
T0108 塘福鄉公所,411,8,15,32,38,40,50,60,73,83,105,118,149,162,199,212
T0109 杯澳公立學校,971,26,44,78,99,130,166,200,247,278,307,357,406,436,474,494
T0201 東涌天主教學校,9127,107,297,515,883,1132,1381,1707,1968,2279,2611,3035,3303,3688,4192,4648
T0301 香港教育工作者聯會黃楚標學校,11356,96,257,562,888,1248,1565,1928,2311,2712,3166,3633,4019,4477,4963,5629
T0401 東涌社區會堂,7764,93,276,529,885,1267,1634,1947,2312,2684,3058,3411,3735,4025,4438,4868
T0501 香港教育工作者聯會黃楚標中學,10789,138,368,698,1140,1585,1987,2389,2750,3156,3600,4080,4511,4991,5459,6006
T0601 愉景灣社區會堂,4464,39,88,196,369,529,751,943,1138,1349,1559,1694,1906,2104,2285,2488
T0701 坪洲體育館,3697,56,183,347,549,702,832,967,1092,1252,1373,1508,1652,1794,2009,2138
T0801 南丫島北段鄉事委員會,2194,74,167,368,368,454,533,618,698,780,870,955,1039,1111,1197,1251
T0802 索罟灣普通科門診診所,207,3,8,27,33,42,48,55,66,77,89,95,100,101,103,106
T0901 佛教慧因法師紀念中學,4074,56,162,281,413,555,665,794,891,1014,1164,1272,1409,1617,1795,1919
T0902 明愛陳震夏郊野學園(聖保祿校舍),2139,20,151,229,229,304,374,454,516,569,624,688,751,857,965,1036
T1001 長洲體育館,2418,24,93,151,250,330,412,495,573,647,732,803,885,964,1056,1139
T1002 國民學校,3261,75,247,388,502,620,626,731,731,880,962,1051,1145,1259,1377,1460
